dish_code,dish_name,as_of_date,source_recipe_version,source_recipe_blob_sha,status,dish_readiness_veto,blocker_id,severity,parameter,reason,missing_input,impact,owner,next_action,checkpoint,evidence_ids
VKM-001,Маргарита,2026-08-03,0.1.0-DRAFT,c6b22ad5f2812cc989a0d3593f40e21207da8f53,OPEN,BLOCK,SBL-VKM-001-01,S1_CRITICAL,raw_material_acceptance_and_SKU_evidence,Selected ingredient SKUs and primary manufacturer/supplier documents are absent,SKU list; labels/specifications; conformity and veterinary documents where applicable; lot/storage/transport data,"raw-material safety, allergens, shelf life and traceability cannot be confirmed",Procurement,collect and register dossier for every recipe ingredient,Gate B / before procurement and service,EVD-0012;EVD-0016;EVD-FS-001;EVD-FS-003;EVD-FS-007
VKM-001,Маргарита,2026-08-03,0.1.0-DRAFT,c6b22ad5f2812cc989a0d3593f40e21207da8f53,OPEN,BLOCK,SBL-VKM-001-02,S1_CRITICAL,allergens_and_cross_contact,"Direct draft-recipe allergens are identified, but Chef acceptance, compound-ingredient/SKU composition and site cross-contact validation are absent",Chef-accepted exact recipe/VSF version; SKU allergen declarations; shared equipment/flow map; cleaning validation,cannot issue final allergen information or declare any allergen absence,Chef; Procurement; Food Safety/PPK owner,"accept/revise locked recipe, complete recipe-to-SKU allergen review and validate cross-contact controls",Gate B / before consumer offering,EVD-0012;EVD-FS-002
VKM-001,Маргарита,2026-08-03,0.1.0-DRAFT,c6b22ad5f2812cc989a0d3593f40e21207da8f53,OPEN,BLOCK,SBL-VKM-001-03,S1_CRITICAL,critical_process_limits,Dish-specific thermal/cold/acidification/assembly process and validated limits are absent,final process; hazard analysis; applicable official/manufacturer limit; calibrated control-cook measurements,CCP/OPRP classification and safe release criteria cannot be approved,Food Safety/PPK owner; Chef; Operations,"perform hazard analysis and validation; document limits, monitoring and corrective actions",Gate B / Issue #38,EVD-0013;EVD-FS-001
VKM-001,Маргарита,2026-08-03,0.1.0-DRAFT,c6b22ad5f2812cc989a0d3593f40e21207da8f53,OPEN,BLOCK,SBL-VKM-001-04,S1_CRITICAL,storage_cooling_reheating_shelf_life,No supported dish-specific route or limit. Cooling: CONDITIONAL: applies if any component is prepared in advance; cooling route and limit require validation Reheating: CONDITIONAL: applies only to an approved make-ahead route; reheating route and limit require validation,Owner/Chef choice of immediate-service vs make-ahead/channel flow; manufacturer conditions; official applicability review; calibrated validation/testing for each applicable stage,"production planning, labels, delivery and service release are blocked",Owner; Chef; Food Safety/PPK owner; Operations,"approve the exact route, then establish and validate only applicable regimes without extrapolating unsupported values",Gate B / Owner-Chef-PPK Decision Gate,EVD-0014;EVD-FS-001;EVD-FS-003;EVD-FS-007
VKM-001,Маргарита,2026-08-03,0.1.0-DRAFT,c6b22ad5f2812cc989a0d3593f40e21207da8f53,OPEN,BLOCK,SBL-VKM-001-05,S2_MAJOR,labeling_and_traceability,Approved lot-to-portion traceability and consumer-information workflow is absent,approved form/workflow; responsibility matrix; mock trace test; channel packaging decision,batch cannot be reliably traced or released to delivery/takeaway channel,Food Safety/PPK owner; Operations; Owner,approve form and conduct traceability exercise for the dish/channel,Gate B / Gate C,EVD-0015;EVD-FS-001;EVD-FS-002
VKM-002,Четыре сыра,2026-08-03,0.1.0-DRAFT,c6b22ad5f2812cc989a0d3593f40e21207da8f53,OPEN,BLOCK,SBL-VKM-002-01,S1_CRITICAL,raw_material_acceptance_and_SKU_evidence,Selected ingredient SKUs and primary manufacturer/supplier documents are absent,SKU list; labels/specifications; conformity and veterinary documents where applicable; lot/storage/transport data,"raw-material safety, allergens, shelf life and traceability cannot be confirmed",Procurement,collect and register dossier for every recipe ingredient,Gate B / before procurement and service,EVD-0012;EVD-0016;EVD-FS-001;EVD-FS-003;EVD-FS-007
VKM-002,Четыре сыра,2026-08-03,0.1.0-DRAFT,c6b22ad5f2812cc989a0d3593f40e21207da8f53,OPEN,BLOCK,SBL-VKM-002-02,S1_CRITICAL,allergens_and_cross_contact,"Direct draft-recipe allergens are identified, but Chef acceptance, compound-ingredient/SKU composition and site cross-contact validation are absent",Chef-accepted exact recipe/VSF version; SKU allergen declarations; shared equipment/flow map; cleaning validation,cannot issue final allergen information or declare any allergen absence,Chef; Procurement; Food Safety/PPK owner,"accept/revise locked recipe, complete recipe-to-SKU allergen review and validate cross-contact controls",Gate B / before consumer offering,EVD-0012;EVD-FS-002
VKM-002,Четыре сыра,2026-08-03,0.1.0-DRAFT,c6b22ad5f2812cc989a0d3593f40e21207da8f53,OPEN,BLOCK,SBL-VKM-002-03,S1_CRITICAL,critical_process_limits,Dish-specific thermal/cold/acidification/assembly process and validated limits are absent,final process; hazard analysis; applicable official/manufacturer limit; calibrated control-cook measurements,CCP/OPRP classification and safe release criteria cannot be approved,Food Safety/PPK owner; Chef; Operations,"perform hazard analysis and validation; document limits, monitoring and corrective actions",Gate B / Issue #38,EVD-0013;EVD-FS-001
VKM-002,Четыре сыра,2026-08-03,0.1.0-DRAFT,c6b22ad5f2812cc989a0d3593f40e21207da8f53,OPEN,BLOCK,SBL-VKM-002-04,S1_CRITICAL,storage_cooling_reheating_shelf_life,No supported dish-specific route or limit. Cooling: CONDITIONAL: applies if any component is prepared in advance; cooling route and limit require validation Reheating: CONDITIONAL: applies only to an approved make-ahead route; reheating route and limit require validation,Owner/Chef choice of immediate-service vs make-ahead/channel flow; manufacturer conditions; official applicability review; calibrated validation/testing for each applicable stage,"production planning, labels, delivery and service release are blocked",Owner; Chef; Food Safety/PPK owner; Operations,"approve the exact route, then establish and validate only applicable regimes without extrapolating unsupported values",Gate B / Owner-Chef-PPK Decision Gate,EVD-0014;EVD-FS-001;EVD-FS-003;EVD-FS-007
VKM-002,Четыре сыра,2026-08-03,0.1.0-DRAFT,c6b22ad5f2812cc989a0d3593f40e21207da8f53,OPEN,BLOCK,SBL-VKM-002-05,S2_MAJOR,labeling_and_traceability,Approved lot-to-portion traceability and consumer-information workflow is absent,approved form/workflow; responsibility matrix; mock trace test; channel packaging decision,batch cannot be reliably traced or released to delivery/takeaway channel,Food Safety/PPK owner; Operations; Owner,approve form and conduct traceability exercise for the dish/channel,Gate B / Gate C,EVD-0015;EVD-FS-001;EVD-FS-002
VKM-003,Грибная с ветчиной,2026-08-03,0.1.0-DRAFT,c6b22ad5f2812cc989a0d3593f40e21207da8f53,OPEN,BLOCK,SBL-VKM-003-01,S1_CRITICAL,raw_material_acceptance_and_SKU_evidence,Selected ingredient SKUs and primary manufacturer/supplier documents are absent,SKU list; labels/specifications; conformity and veterinary documents where applicable; lot/storage/transport data,"raw-material safety, allergens, shelf life and traceability cannot be confirmed",Procurement,collect and register dossier for every recipe ingredient,Gate B / before procurement and service,EVD-0012;EVD-0016;EVD-FS-001;EVD-FS-003;EVD-FS-007;EVD-FS-008
VKM-003,Грибная с ветчиной,2026-08-03,0.1.0-DRAFT,c6b22ad5f2812cc989a0d3593f40e21207da8f53,OPEN,BLOCK,SBL-VKM-003-02,S1_CRITICAL,allergens_and_cross_contact,"Direct draft-recipe allergens are identified, but Chef acceptance, compound-ingredient/SKU composition and site cross-contact validation are absent",Chef-accepted exact recipe/VSF version; SKU allergen declarations; shared equipment/flow map; cleaning validation,cannot issue final allergen information or declare any allergen absence,Chef; Procurement; Food Safety/PPK owner,"accept/revise locked recipe, complete recipe-to-SKU allergen review and validate cross-contact controls",Gate B / before consumer offering,EVD-0012;EVD-FS-002
VKM-003,Грибная с ветчиной,2026-08-03,0.1.0-DRAFT,c6b22ad5f2812cc989a0d3593f40e21207da8f53,OPEN,BLOCK,SBL-VKM-003-03,S1_CRITICAL,critical_process_limits,Dish-specific thermal/cold/acidification/assembly process and validated limits are absent,final process; hazard analysis; applicable official/manufacturer limit; calibrated control-cook measurements,CCP/OPRP classification and safe release criteria cannot be approved,Food Safety/PPK owner; Chef; Operations,"perform hazard analysis and validation; document limits, monitoring and corrective actions",Gate B / Issue #38,EVD-0013;EVD-FS-001
VKM-003,Грибная с ветчиной,2026-08-03,0.1.0-DRAFT,c6b22ad5f2812cc989a0d3593f40e21207da8f53,OPEN,BLOCK,SBL-VKM-003-04,S1_CRITICAL,storage_cooling_reheating_shelf_life,No supported dish-specific route or limit. Cooling: CONDITIONAL: applies if any component is prepared in advance; cooling route and limit require validation Reheating: CONDITIONAL: applies only to an approved make-ahead route; reheating route and limit require validation,Owner/Chef choice of immediate-service vs make-ahead/channel flow; manufacturer conditions; official applicability review; calibrated validation/testing for each applicable stage,"production planning, labels, delivery and service release are blocked",Owner; Chef; Food Safety/PPK owner; Operations,"approve the exact route, then establish and validate only applicable regimes without extrapolating unsupported values",Gate B / Owner-Chef-PPK Decision Gate,EVD-0014;EVD-FS-001;EVD-FS-003;EVD-FS-007;EVD-FS-008
VKM-003,Грибная с ветчиной,2026-08-03,0.1.0-DRAFT,c6b22ad5f2812cc989a0d3593f40e21207da8f53,OPEN,BLOCK,SBL-VKM-003-05,S2_MAJOR,labeling_and_traceability,Approved lot-to-portion traceability and consumer-information workflow is absent,approved form/workflow; responsibility matrix; mock trace test; channel packaging decision,batch cannot be reliably traced or released to delivery/takeaway channel,Food Safety/PPK owner; Operations; Owner,approve form and conduct traceability exercise for the dish/channel,Gate B / Gate C,EVD-0015;EVD-FS-001;EVD-FS-002
VKM-004,Пепперони,2026-08-03,0.1.0-DRAFT,c6b22ad5f2812cc989a0d3593f40e21207da8f53,OPEN,BLOCK,SBL-VKM-004-01,S1_CRITICAL,raw_material_acceptance_and_SKU_evidence,Selected ingredient SKUs and primary manufacturer/supplier documents are absent,SKU list; labels/specifications; conformity and veterinary documents where applicable; lot/storage/transport data,"raw-material safety, allergens, shelf life and traceability cannot be confirmed",Procurement,collect and register dossier for every recipe ingredient,Gate B / before procurement and service,EVD-0012;EVD-0016;EVD-FS-001;EVD-FS-003;EVD-FS-007
VKM-004,Пепперони,2026-08-03,0.1.0-DRAFT,c6b22ad5f2812cc989a0d3593f40e21207da8f53,OPEN,BLOCK,SBL-VKM-004-02,S1_CRITICAL,allergens_and_cross_contact,"Direct draft-recipe allergens are identified, but Chef acceptance, compound-ingredient/SKU composition and site cross-contact validation are absent",Chef-accepted exact recipe/VSF version; SKU allergen declarations; shared equipment/flow map; cleaning validation,cannot issue final allergen information or declare any allergen absence,Chef; Procurement; Food Safety/PPK owner,"accept/revise locked recipe, complete recipe-to-SKU allergen review and validate cross-contact controls",Gate B / before consumer offering,EVD-0012;EVD-FS-002
VKM-004,Пепперони,2026-08-03,0.1.0-DRAFT,c6b22ad5f2812cc989a0d3593f40e21207da8f53,OPEN,BLOCK,SBL-VKM-004-03,S1_CRITICAL,critical_process_limits,Dish-specific thermal/cold/acidification/assembly process and validated limits are absent,final process; hazard analysis; applicable official/manufacturer limit; calibrated control-cook measurements,CCP/OPRP classification and safe release criteria cannot be approved,Food Safety/PPK owner; Chef; Operations,"perform hazard analysis and validation; document limits, monitoring and corrective actions",Gate B / Issue #38,EVD-0013;EVD-FS-001
VKM-004,Пепперони,2026-08-03,0.1.0-DRAFT,c6b22ad5f2812cc989a0d3593f40e21207da8f53,OPEN,BLOCK,SBL-VKM-004-04,S1_CRITICAL,storage_cooling_reheating_shelf_life,No supported dish-specific route or limit. Cooling: CONDITIONAL: applies if any component is prepared in advance; cooling route and limit require validation Reheating: CONDITIONAL: applies only to an approved make-ahead route; reheating route and limit require validation,Owner/Chef choice of immediate-service vs make-ahead/channel flow; manufacturer conditions; official applicability review; calibrated validation/testing for each applicable stage,"production planning, labels, delivery and service release are blocked",Owner; Chef; Food Safety/PPK owner; Operations,"approve the exact route, then establish and validate only applicable regimes without extrapolating unsupported values",Gate B / Owner-Chef-PPK Decision Gate,EVD-0014;EVD-FS-001;EVD-FS-003;EVD-FS-007
VKM-004,Пепперони,2026-08-03,0.1.0-DRAFT,c6b22ad5f2812cc989a0d3593f40e21207da8f53,OPEN,BLOCK,SBL-VKM-004-05,S2_MAJOR,labeling_and_traceability,Approved lot-to-portion traceability and consumer-information workflow is absent,approved form/workflow; responsibility matrix; mock trace test; channel packaging decision,batch cannot be reliably traced or released to delivery/takeaway channel,Food Safety/PPK owner; Operations; Owner,approve form and conduct traceability exercise for the dish/channel,Gate B / Gate C,EVD-0015;EVD-FS-001;EVD-FS-002
VKM-005,Белая чиабатта,2026-08-03,0.1.0-DRAFT,c6b22ad5f2812cc989a0d3593f40e21207da8f53,OPEN,BLOCK,SBL-VKM-005-01,S1_CRITICAL,raw_material_acceptance_and_SKU_evidence,Selected ingredient SKUs and primary manufacturer/supplier documents are absent,SKU list; labels/specifications; conformity and veterinary documents where applicable; lot/storage/transport data,"raw-material safety, allergens, shelf life and traceability cannot be confirmed",Procurement,collect and register dossier for every recipe ingredient,Gate B / before procurement and service,EVD-0012;EVD-0016;EVD-FS-001;EVD-FS-003
VKM-005,Белая чиабатта,2026-08-03,0.1.0-DRAFT,c6b22ad5f2812cc989a0d3593f40e21207da8f53,OPEN,BLOCK,SBL-VKM-005-02,S1_CRITICAL,allergens_and_cross_contact,"Direct draft-recipe allergens are identified, but Chef acceptance, compound-ingredient/SKU composition and site cross-contact validation are absent",Chef-accepted exact recipe/VSF version; SKU allergen declarations; shared equipment/flow map; cleaning validation,cannot issue final allergen information or declare any allergen absence,Chef; Procurement; Food Safety/PPK owner,"accept/revise locked recipe, complete recipe-to-SKU allergen review and validate cross-contact controls",Gate B / before consumer offering,EVD-0012;EVD-FS-002
VKM-005,Белая чиабатта,2026-08-03,0.1.0-DRAFT,c6b22ad5f2812cc989a0d3593f40e21207da8f53,OPEN,BLOCK,SBL-VKM-005-03,S1_CRITICAL,critical_process_limits,Dish-specific thermal/cold/acidification/assembly process and validated limits are absent,final process; hazard analysis; applicable official/manufacturer limit; calibrated control-cook measurements,CCP/OPRP classification and safe release criteria cannot be approved,Food Safety/PPK owner; Chef; Operations,"perform hazard analysis and validation; document limits, monitoring and corrective actions",Gate B / Issue #38,EVD-0013;EVD-FS-001
VKM-005,Белая чиабатта,2026-08-03,0.1.0-DRAFT,c6b22ad5f2812cc989a0d3593f40e21207da8f53,OPEN,BLOCK,SBL-VKM-005-04,S1_CRITICAL,storage_cooling_reheating_shelf_life,No supported dish-specific route or limit. Cooling: APPLICABLE: post-bake cooling and contamination protection require a validated site procedure; no numeric limit is evidenced Reheating: CONDITIONAL: only if a reheat/service route is approved; no route or limit is evidenced,Owner/Chef choice of immediate-service vs make-ahead/channel flow; manufacturer conditions; official applicability review; calibrated validation/testing for each applicable stage,"production planning, labels, delivery and service release are blocked",Owner; Chef; Food Safety/PPK owner; Operations,"approve the exact route, then establish and validate only applicable regimes without extrapolating unsupported values",Gate B / Owner-Chef-PPK Decision Gate,EVD-0014;EVD-FS-001;EVD-FS-003
VKM-005,Белая чиабатта,2026-08-03,0.1.0-DRAFT,c6b22ad5f2812cc989a0d3593f40e21207da8f53,OPEN,BLOCK,SBL-VKM-005-05,S2_MAJOR,labeling_and_traceability,Approved lot-to-portion traceability and consumer-information workflow is absent,approved form/workflow; responsibility matrix; mock trace test; channel packaging decision,batch cannot be reliably traced or released to delivery/takeaway channel,Food Safety/PPK owner; Operations; Owner,approve form and conduct traceability exercise for the dish/channel,Gate B / Gate C,EVD-0015;EVD-FS-001;EVD-FS-002
VKM-006,Томатная чиабатта,2026-08-03,0.1.0-DRAFT,c6b22ad5f2812cc989a0d3593f40e21207da8f53,OPEN,BLOCK,SBL-VKM-006-01,S1_CRITICAL,raw_material_acceptance_and_SKU_evidence,Selected ingredient SKUs and primary manufacturer/supplier documents are absent,SKU list; labels/specifications; conformity and veterinary documents where applicable; lot/storage/transport data,"raw-material safety, allergens, shelf life and traceability cannot be confirmed",Procurement,collect and register dossier for every recipe ingredient,Gate B / before procurement and service,EVD-0012;EVD-0016;EVD-FS-001;EVD-FS-003
VKM-006,Томатная чиабатта,2026-08-03,0.1.0-DRAFT,c6b22ad5f2812cc989a0d3593f40e21207da8f53,OPEN,BLOCK,SBL-VKM-006-02,S1_CRITICAL,allergens_and_cross_contact,"Direct draft-recipe allergens are identified, but Chef acceptance, compound-ingredient/SKU composition and site cross-contact validation are absent",Chef-accepted exact recipe/VSF version; SKU allergen declarations; shared equipment/flow map; cleaning validation,cannot issue final allergen information or declare any allergen absence,Chef; Procurement; Food Safety/PPK owner,"accept/revise locked recipe, complete recipe-to-SKU allergen review and validate cross-contact controls",Gate B / before consumer offering,EVD-0012;EVD-FS-002
VKM-006,Томатная чиабатта,2026-08-03,0.1.0-DRAFT,c6b22ad5f2812cc989a0d3593f40e21207da8f53,OPEN,BLOCK,SBL-VKM-006-03,S1_CRITICAL,critical_process_limits,Dish-specific thermal/cold/acidification/assembly process and validated limits are absent,final process; hazard analysis; applicable official/manufacturer limit; calibrated control-cook measurements,CCP/OPRP classification and safe release criteria cannot be approved,Food Safety/PPK owner; Chef; Operations,"perform hazard analysis and validation; document limits, monitoring and corrective actions",Gate B / Issue #38,EVD-0013;EVD-FS-001
VKM-006,Томатная чиабатта,2026-08-03,0.1.0-DRAFT,c6b22ad5f2812cc989a0d3593f40e21207da8f53,OPEN,BLOCK,SBL-VKM-006-04,S1_CRITICAL,storage_cooling_reheating_shelf_life,No supported dish-specific route or limit. Cooling: APPLICABLE: post-bake cooling and contamination protection require a validated site procedure; no numeric limit is evidenced Reheating: CONDITIONAL: only if a reheat/service route is approved; no route or limit is evidenced,Owner/Chef choice of immediate-service vs make-ahead/channel flow; manufacturer conditions; official applicability review; calibrated validation/testing for each applicable stage,"production planning, labels, delivery and service release are blocked",Owner; Chef; Food Safety/PPK owner; Operations,"approve the exact route, then establish and validate only applicable regimes without extrapolating unsupported values",Gate B / Owner-Chef-PPK Decision Gate,EVD-0014;EVD-FS-001;EVD-FS-003
VKM-006,Томатная чиабатта,2026-08-03,0.1.0-DRAFT,c6b22ad5f2812cc989a0d3593f40e21207da8f53,OPEN,BLOCK,SBL-VKM-006-05,S2_MAJOR,labeling_and_traceability,Approved lot-to-portion traceability and consumer-information workflow is absent,approved form/workflow; responsibility matrix; mock trace test; channel packaging decision,batch cannot be reliably traced or released to delivery/takeaway channel,Food Safety/PPK owner; Operations; Owner,approve form and conduct traceability exercise for the dish/channel,Gate B / Gate C,EVD-0015;EVD-FS-001;EVD-FS-002
VKM-007,Бородинский хлеб,2026-08-03,0.1.0-DRAFT,c6b22ad5f2812cc989a0d3593f40e21207da8f53,OPEN,BLOCK,SBL-VKM-007-01,S1_CRITICAL,raw_material_acceptance_and_SKU_evidence,Selected ingredient SKUs and primary manufacturer/supplier documents are absent,SKU list; labels/specifications; conformity and veterinary documents where applicable; lot/storage/transport data,"raw-material safety, allergens, shelf life and traceability cannot be confirmed",Procurement,collect and register dossier for every recipe ingredient,Gate B / before procurement and service,EVD-0012;EVD-0016;EVD-FS-001;EVD-FS-003
VKM-007,Бородинский хлеб,2026-08-03,0.1.0-DRAFT,c6b22ad5f2812cc989a0d3593f40e21207da8f53,OPEN,BLOCK,SBL-VKM-007-02,S1_CRITICAL,allergens_and_cross_contact,"Direct draft-recipe allergens are identified, but Chef acceptance, compound-ingredient/SKU composition and site cross-contact validation are absent",Chef-accepted exact recipe/VSF version; SKU allergen declarations; shared equipment/flow map; cleaning validation,cannot issue final allergen information or declare any allergen absence,Chef; Procurement; Food Safety/PPK owner,"accept/revise locked recipe, complete recipe-to-SKU allergen review and validate cross-contact controls",Gate B / before consumer offering,EVD-0012;EVD-FS-002
VKM-007,Бородинский хлеб,2026-08-03,0.1.0-DRAFT,c6b22ad5f2812cc989a0d3593f40e21207da8f53,OPEN,BLOCK,SBL-VKM-007-03,S1_CRITICAL,critical_process_limits,Dish-specific thermal/cold/acidification/assembly process and validated limits are absent,final process; hazard analysis; applicable official/manufacturer limit; calibrated control-cook measurements,CCP/OPRP classification and safe release criteria cannot be approved,Food Safety/PPK owner; Chef; Operations,"perform hazard analysis and validation; document limits, monitoring and corrective actions",Gate B / Issue #38,EVD-0013;EVD-FS-001
VKM-007,Бородинский хлеб,2026-08-03,0.1.0-DRAFT,c6b22ad5f2812cc989a0d3593f40e21207da8f53,OPEN,BLOCK,SBL-VKM-007-04,S1_CRITICAL,storage_cooling_reheating_shelf_life,No supported dish-specific route or limit. Cooling: APPLICABLE: post-bake cooling and contamination protection require a validated site procedure; no numeric limit is evidenced Reheating: CONDITIONAL: only if a reheat/service route is approved; no route or limit is evidenced,Owner/Chef choice of immediate-service vs make-ahead/channel flow; manufacturer conditions; official applicability review; calibrated validation/testing for each applicable stage,"production planning, labels, delivery and service release are blocked",Owner; Chef; Food Safety/PPK owner; Operations,"approve the exact route, then establish and validate only applicable regimes without extrapolating unsupported values",Gate B / Owner-Chef-PPK Decision Gate,EVD-0014;EVD-FS-001;EVD-FS-003
VKM-007,Бородинский хлеб,2026-08-03,0.1.0-DRAFT,c6b22ad5f2812cc989a0d3593f40e21207da8f53,OPEN,BLOCK,SBL-VKM-007-05,S2_MAJOR,labeling_and_traceability,Approved lot-to-portion traceability and consumer-information workflow is absent,approved form/workflow; responsibility matrix; mock trace test; channel packaging decision,batch cannot be reliably traced or released to delivery/takeaway channel,Food Safety/PPK owner; Operations; Owner,approve form and conduct traceability exercise for the dish/channel,Gate B / Gate C,EVD-0015;EVD-FS-001;EVD-FS-002
VKM-008,Бриошь,2026-08-03,0.1.0-DRAFT,c6b22ad5f2812cc989a0d3593f40e21207da8f53,OPEN,BLOCK,SBL-VKM-008-01,S1_CRITICAL,raw_material_acceptance_and_SKU_evidence,Selected ingredient SKUs and primary manufacturer/supplier documents are absent,SKU list; labels/specifications; conformity and veterinary documents where applicable; lot/storage/transport data,"raw-material safety, allergens, shelf life and traceability cannot be confirmed",Procurement,collect and register dossier for every recipe ingredient,Gate B / before procurement and service,EVD-0012;EVD-0016;EVD-FS-001;EVD-FS-003;EVD-FS-007
VKM-008,Бриошь,2026-08-03,0.1.0-DRAFT,c6b22ad5f2812cc989a0d3593f40e21207da8f53,OPEN,BLOCK,SBL-VKM-008-02,S1_CRITICAL,allergens_and_cross_contact,"Direct draft-recipe allergens are identified, but Chef acceptance, compound-ingredient/SKU composition and site cross-contact validation are absent",Chef-accepted exact recipe/VSF version; SKU allergen declarations; shared equipment/flow map; cleaning validation,cannot issue final allergen information or declare any allergen absence,Chef; Procurement; Food Safety/PPK owner,"accept/revise locked recipe, complete recipe-to-SKU allergen review and validate cross-contact controls",Gate B / before consumer offering,EVD-0012;EVD-FS-002
VKM-008,Бриошь,2026-08-03,0.1.0-DRAFT,c6b22ad5f2812cc989a0d3593f40e21207da8f53,OPEN,BLOCK,SBL-VKM-008-03,S1_CRITICAL,critical_process_limits,Dish-specific thermal/cold/acidification/assembly process and validated limits are absent,final process; hazard analysis; applicable official/manufacturer limit; calibrated control-cook measurements,CCP/OPRP classification and safe release criteria cannot be approved,Food Safety/PPK owner; Chef; Operations,"perform hazard analysis and validation; document limits, monitoring and corrective actions",Gate B / Issue #38,EVD-0013;EVD-FS-001
VKM-008,Бриошь,2026-08-03,0.1.0-DRAFT,c6b22ad5f2812cc989a0d3593f40e21207da8f53,OPEN,BLOCK,SBL-VKM-008-04,S1_CRITICAL,storage_cooling_reheating_shelf_life,No supported dish-specific route or limit. Cooling: APPLICABLE: post-bake cooling and contamination protection require a validated site procedure; no numeric limit is evidenced Reheating: CONDITIONAL: only if a reheat/service route is approved; no route or limit is evidenced,Owner/Chef choice of immediate-service vs make-ahead/channel flow; manufacturer conditions; official applicability review; calibrated validation/testing for each applicable stage,"production planning, labels, delivery and service release are blocked",Owner; Chef; Food Safety/PPK owner; Operations,"approve the exact route, then establish and validate only applicable regimes without extrapolating unsupported values",Gate B / Owner-Chef-PPK Decision Gate,EVD-0014;EVD-FS-001;EVD-FS-003;EVD-FS-007
VKM-008,Бриошь,2026-08-03,0.1.0-DRAFT,c6b22ad5f2812cc989a0d3593f40e21207da8f53,OPEN,BLOCK,SBL-VKM-008-05,S2_MAJOR,labeling_and_traceability,Approved lot-to-portion traceability and consumer-information workflow is absent,approved form/workflow; responsibility matrix; mock trace test; channel packaging decision,batch cannot be reliably traced or released to delivery/takeaway channel,Food Safety/PPK owner; Operations; Owner,approve form and conduct traceability exercise for the dish/channel,Gate B / Gate C,EVD-0015;EVD-FS-001;EVD-FS-002
VKM-009,Буррата с томатами,2026-08-03,0.1.0-DRAFT,c6b22ad5f2812cc989a0d3593f40e21207da8f53,OPEN,BLOCK,SBL-VKM-009-01,S1_CRITICAL,raw_material_acceptance_and_SKU_evidence,Selected ingredient SKUs and primary manufacturer/supplier documents are absent,SKU list; labels/specifications; conformity and veterinary documents where applicable; lot/storage/transport data,"raw-material safety, allergens, shelf life and traceability cannot be confirmed",Procurement,collect and register dossier for every recipe ingredient,Gate B / before procurement and service,EVD-0012;EVD-0016;EVD-FS-001;EVD-FS-003;EVD-FS-007
VKM-009,Буррата с томатами,2026-08-03,0.1.0-DRAFT,c6b22ad5f2812cc989a0d3593f40e21207da8f53,OPEN,BLOCK,SBL-VKM-009-02,S1_CRITICAL,allergens_and_cross_contact,"Direct draft-recipe allergens are identified, but Chef acceptance, compound-ingredient/SKU composition and site cross-contact validation are absent",Chef-accepted exact recipe/VSF version; SKU allergen declarations; shared equipment/flow map; cleaning validation,cannot issue final allergen information or declare any allergen absence,Chef; Procurement; Food Safety/PPK owner,"accept/revise locked recipe, complete recipe-to-SKU allergen review and validate cross-contact controls",Gate B / before consumer offering,EVD-0012;EVD-FS-002
VKM-009,Буррата с томатами,2026-08-03,0.1.0-DRAFT,c6b22ad5f2812cc989a0d3593f40e21207da8f53,OPEN,BLOCK,SBL-VKM-009-03,S1_CRITICAL,critical_process_limits,Dish-specific thermal/cold/acidification/assembly process and validated limits are absent,final process; hazard analysis; applicable official/manufacturer limit; calibrated control-cook measurements,CCP/OPRP classification and safe release criteria cannot be approved,Food Safety/PPK owner; Chef; Operations,"perform hazard analysis and validation; document limits, monitoring and corrective actions",Gate B / Issue #38,EVD-0013;EVD-FS-001
VKM-009,Буррата с томатами,2026-08-03,0.1.0-DRAFT,c6b22ad5f2812cc989a0d3593f40e21207da8f53,OPEN,BLOCK,SBL-VKM-009-04,S1_CRITICAL,storage_cooling_reheating_shelf_life,No supported dish-specific route or limit. Cooling: APPLICABILITY_PENDING: cooked components must have a validated cooling route if prepared in advance; otherwise use immediate assembly/service route documented by PPK Reheating: NOT_PLANNED_IN_DRAFT: any reheating is a process change requiring hazard review and validation,Owner/Chef choice of immediate-service vs make-ahead/channel flow; manufacturer conditions; official applicability review; calibrated validation/testing for each applicable stage,"production planning, labels, delivery and service release are blocked",Owner; Chef; Food Safety/PPK owner; Operations,"approve the exact route, then establish and validate only applicable regimes without extrapolating unsupported values",Gate B / Owner-Chef-PPK Decision Gate,EVD-0014;EVD-FS-001;EVD-FS-003;EVD-FS-007
VKM-009,Буррата с томатами,2026-08-03,0.1.0-DRAFT,c6b22ad5f2812cc989a0d3593f40e21207da8f53,OPEN,BLOCK,SBL-VKM-009-05,S2_MAJOR,labeling_and_traceability,Approved lot-to-portion traceability and consumer-information workflow is absent,approved form/workflow; responsibility matrix; mock trace test; channel packaging decision,batch cannot be reliably traced or released to delivery/takeaway channel,Food Safety/PPK owner; Operations; Owner,approve form and conduct traceability exercise for the dish/channel,Gate B / Gate C,EVD-0015;EVD-FS-001;EVD-FS-002
VKM-010,Микс-салат с креветками и яблоком,2026-08-03,0.1.0-DRAFT,c6b22ad5f2812cc989a0d3593f40e21207da8f53,OPEN,BLOCK,SBL-VKM-010-01,S1_CRITICAL,raw_material_acceptance_and_SKU_evidence,Selected ingredient SKUs and primary manufacturer/supplier documents are absent,SKU list; labels/specifications; conformity and veterinary documents where applicable; lot/storage/transport data,"raw-material safety, allergens, shelf life and traceability cannot be confirmed",Procurement,collect and register dossier for every recipe ingredient,Gate B / before procurement and service,EVD-0012;EVD-0016;EVD-FS-001;EVD-FS-003;EVD-FS-006
VKM-010,Микс-салат с креветками и яблоком,2026-08-03,0.1.0-DRAFT,c6b22ad5f2812cc989a0d3593f40e21207da8f53,OPEN,BLOCK,SBL-VKM-010-02,S1_CRITICAL,allergens_and_cross_contact,"Direct draft-recipe allergens are identified, but Chef acceptance, compound-ingredient/SKU composition and site cross-contact validation are absent",Chef-accepted exact recipe/VSF version; SKU allergen declarations; shared equipment/flow map; cleaning validation,cannot issue final allergen information or declare any allergen absence,Chef; Procurement; Food Safety/PPK owner,"accept/revise locked recipe, complete recipe-to-SKU allergen review and validate cross-contact controls",Gate B / before consumer offering,EVD-0012;EVD-FS-002
VKM-010,Микс-салат с креветками и яблоком,2026-08-03,0.1.0-DRAFT,c6b22ad5f2812cc989a0d3593f40e21207da8f53,OPEN,BLOCK,SBL-VKM-010-03,S1_CRITICAL,critical_process_limits,Dish-specific thermal/cold/acidification/assembly process and validated limits are absent,final process; hazard analysis; applicable official/manufacturer limit; calibrated control-cook measurements,CCP/OPRP classification and safe release criteria cannot be approved,Food Safety/PPK owner; Chef; Operations,"perform hazard analysis and validation; document limits, monitoring and corrective actions",Gate B / Issue #38,EVD-0013;EVD-FS-001
VKM-010,Микс-салат с креветками и яблоком,2026-08-03,0.1.0-DRAFT,c6b22ad5f2812cc989a0d3593f40e21207da8f53,OPEN,BLOCK,SBL-VKM-010-04,S1_CRITICAL,storage_cooling_reheating_shelf_life,No supported dish-specific route or limit. Cooling: APPLICABILITY_PENDING: cooked components must have a validated cooling route if prepared in advance; otherwise use immediate assembly/service route documented by PPK Reheating: NOT_PLANNED_IN_DRAFT: any reheating is a process change requiring hazard review and validation,Owner/Chef choice of immediate-service vs make-ahead/channel flow; manufacturer conditions; official applicability review; calibrated validation/testing for each applicable stage,"production planning, labels, delivery and service release are blocked",Owner; Chef; Food Safety/PPK owner; Operations,"approve the exact route, then establish and validate only applicable regimes without extrapolating unsupported values",Gate B / Owner-Chef-PPK Decision Gate,EVD-0014;EVD-FS-001;EVD-FS-003;EVD-FS-006
VKM-010,Микс-салат с креветками и яблоком,2026-08-03,0.1.0-DRAFT,c6b22ad5f2812cc989a0d3593f40e21207da8f53,OPEN,BLOCK,SBL-VKM-010-05,S2_MAJOR,labeling_and_traceability,Approved lot-to-portion traceability and consumer-information workflow is absent,approved form/workflow; responsibility matrix; mock trace test; channel packaging decision,batch cannot be reliably traced or released to delivery/takeaway channel,Food Safety/PPK owner; Operations; Owner,approve form and conduct traceability exercise for the dish/channel,Gate B / Gate C,EVD-0015;EVD-FS-001;EVD-FS-002
VKM-011,Греческий,2026-08-03,0.1.0-DRAFT,c6b22ad5f2812cc989a0d3593f40e21207da8f53,OPEN,BLOCK,SBL-VKM-011-01,S1_CRITICAL,raw_material_acceptance_and_SKU_evidence,Selected ingredient SKUs and primary manufacturer/supplier documents are absent,SKU list; labels/specifications; conformity and veterinary documents where applicable; lot/storage/transport data,"raw-material safety, allergens, shelf life and traceability cannot be confirmed",Procurement,collect and register dossier for every recipe ingredient,Gate B / before procurement and service,EVD-0012;EVD-0016;EVD-FS-001;EVD-FS-003;EVD-FS-007
VKM-011,Греческий,2026-08-03,0.1.0-DRAFT,c6b22ad5f2812cc989a0d3593f40e21207da8f53,OPEN,BLOCK,SBL-VKM-011-02,S1_CRITICAL,allergens_and_cross_contact,"Direct draft-recipe allergens are identified, but Chef acceptance, compound-ingredient/SKU composition and site cross-contact validation are absent",Chef-accepted exact recipe/VSF version; SKU allergen declarations; shared equipment/flow map; cleaning validation,cannot issue final allergen information or declare any allergen absence,Chef; Procurement; Food Safety/PPK owner,"accept/revise locked recipe, complete recipe-to-SKU allergen review and validate cross-contact controls",Gate B / before consumer offering,EVD-0012;EVD-FS-002
VKM-011,Греческий,2026-08-03,0.1.0-DRAFT,c6b22ad5f2812cc989a0d3593f40e21207da8f53,OPEN,BLOCK,SBL-VKM-011-03,S1_CRITICAL,critical_process_limits,Dish-specific thermal/cold/acidification/assembly process and validated limits are absent,final process; hazard analysis; applicable official/manufacturer limit; calibrated control-cook measurements,CCP/OPRP classification and safe release criteria cannot be approved,Food Safety/PPK owner; Chef; Operations,"perform hazard analysis and validation; document limits, monitoring and corrective actions",Gate B / Issue #38,EVD-0013;EVD-FS-001
VKM-011,Греческий,2026-08-03,0.1.0-DRAFT,c6b22ad5f2812cc989a0d3593f40e21207da8f53,OPEN,BLOCK,SBL-VKM-011-04,S1_CRITICAL,storage_cooling_reheating_shelf_life,No supported dish-specific route or limit. Cooling: APPLICABILITY_PENDING: cooked components must have a validated cooling route if prepared in advance; otherwise use immediate assembly/service route documented by PPK Reheating: NOT_PLANNED_IN_DRAFT: any reheating is a process change requiring hazard review and validation,Owner/Chef choice of immediate-service vs make-ahead/channel flow; manufacturer conditions; official applicability review; calibrated validation/testing for each applicable stage,"production planning, labels, delivery and service release are blocked",Owner; Chef; Food Safety/PPK owner; Operations,"approve the exact route, then establish and validate only applicable regimes without extrapolating unsupported values",Gate B / Owner-Chef-PPK Decision Gate,EVD-0014;EVD-FS-001;EVD-FS-003;EVD-FS-007
VKM-011,Греческий,2026-08-03,0.1.0-DRAFT,c6b22ad5f2812cc989a0d3593f40e21207da8f53,OPEN,BLOCK,SBL-VKM-011-05,S2_MAJOR,labeling_and_traceability,Approved lot-to-portion traceability and consumer-information workflow is absent,approved form/workflow; responsibility matrix; mock trace test; channel packaging decision,batch cannot be reliably traced or released to delivery/takeaway channel,Food Safety/PPK owner; Operations; Owner,approve form and conduct traceability exercise for the dish/channel,Gate B / Gate C,EVD-0015;EVD-FS-001;EVD-FS-002
VKM-012,Винегрет,2026-08-03,0.1.0-DRAFT,c6b22ad5f2812cc989a0d3593f40e21207da8f53,OPEN,BLOCK,SBL-VKM-012-01,S1_CRITICAL,raw_material_acceptance_and_SKU_evidence,Selected ingredient SKUs and primary manufacturer/supplier documents are absent,SKU list; labels/specifications; conformity and veterinary documents where applicable; lot/storage/transport data,"raw-material safety, allergens, shelf life and traceability cannot be confirmed",Procurement,collect and register dossier for every recipe ingredient,Gate B / before procurement and service,EVD-0012;EVD-0016;EVD-FS-001;EVD-FS-003
VKM-012,Винегрет,2026-08-03,0.1.0-DRAFT,c6b22ad5f2812cc989a0d3593f40e21207da8f53,OPEN,BLOCK,SBL-VKM-012-02,S1_CRITICAL,allergens_and_cross_contact,"Direct draft-recipe allergens are identified, but Chef acceptance, compound-ingredient/SKU composition and site cross-contact validation are absent",Chef-accepted exact recipe/VSF version; SKU allergen declarations; shared equipment/flow map; cleaning validation,cannot issue final allergen information or declare any allergen absence,Chef; Procurement; Food Safety/PPK owner,"accept/revise locked recipe, complete recipe-to-SKU allergen review and validate cross-contact controls",Gate B / before consumer offering,EVD-0012;EVD-FS-002
VKM-012,Винегрет,2026-08-03,0.1.0-DRAFT,c6b22ad5f2812cc989a0d3593f40e21207da8f53,OPEN,BLOCK,SBL-VKM-012-03,S1_CRITICAL,critical_process_limits,Dish-specific thermal/cold/acidification/assembly process and validated limits are absent,final process; hazard analysis; applicable official/manufacturer limit; calibrated control-cook measurements,CCP/OPRP classification and safe release criteria cannot be approved,Food Safety/PPK owner; Chef; Operations,"perform hazard analysis and validation; document limits, monitoring and corrective actions",Gate B / Issue #38,EVD-0013;EVD-FS-001
VKM-012,Винегрет,2026-08-03,0.1.0-DRAFT,c6b22ad5f2812cc989a0d3593f40e21207da8f53,OPEN,BLOCK,SBL-VKM-012-04,S1_CRITICAL,storage_cooling_reheating_shelf_life,No supported dish-specific route or limit. Cooling: APPLICABILITY_PENDING: cooked components must have a validated cooling route if prepared in advance; otherwise use immediate assembly/service route documented by PPK Reheating: NOT_PLANNED_IN_DRAFT: any reheating is a process change requiring hazard review and validation,Owner/Chef choice of immediate-service vs make-ahead/channel flow; manufacturer conditions; official applicability review; calibrated validation/testing for each applicable stage,"production planning, labels, delivery and service release are blocked",Owner; Chef; Food Safety/PPK owner; Operations,"approve the exact route, then establish and validate only applicable regimes without extrapolating unsupported values",Gate B / Owner-Chef-PPK Decision Gate,EVD-0014;EVD-FS-001;EVD-FS-003
VKM-012,Винегрет,2026-08-03,0.1.0-DRAFT,c6b22ad5f2812cc989a0d3593f40e21207da8f53,OPEN,BLOCK,SBL-VKM-012-05,S2_MAJOR,labeling_and_traceability,Approved lot-to-portion traceability and consumer-information workflow is absent,approved form/workflow; responsibility matrix; mock trace test; channel packaging decision,batch cannot be reliably traced or released to delivery/takeaway channel,Food Safety/PPK owner; Operations; Owner,approve form and conduct traceability exercise for the dish/channel,Gate B / Gate C,EVD-0015;EVD-FS-001;EVD-FS-002
VKM-013,Слабосолёный лосось,2026-08-03,0.1.0-DRAFT,c6b22ad5f2812cc989a0d3593f40e21207da8f53,OPEN,BLOCK,SBL-VKM-013-01,S1_CRITICAL,raw_material_acceptance_and_SKU_evidence,Selected ingredient SKUs and primary manufacturer/supplier documents are absent,SKU list; labels/specifications; conformity and veterinary documents where applicable; lot/storage/transport data,"raw-material safety, allergens, shelf life and traceability cannot be confirmed",Procurement,collect and register dossier for every recipe ingredient,Gate B / before procurement and service,EVD-0012;EVD-0016;EVD-FS-001;EVD-FS-003;EVD-FS-006
VKM-013,Слабосолёный лосось,2026-08-03,0.1.0-DRAFT,c6b22ad5f2812cc989a0d3593f40e21207da8f53,OPEN,BLOCK,SBL-VKM-013-02,S1_CRITICAL,allergens_and_cross_contact,"Direct draft-recipe allergens are identified, but Chef acceptance, compound-ingredient/SKU composition and site cross-contact validation are absent",Chef-accepted exact recipe/VSF version; SKU allergen declarations; shared equipment/flow map; cleaning validation,cannot issue final allergen information or declare any allergen absence,Chef; Procurement; Food Safety/PPK owner,"accept/revise locked recipe, complete recipe-to-SKU allergen review and validate cross-contact controls",Gate B / before consumer offering,EVD-0012;EVD-FS-002
VKM-013,Слабосолёный лосось,2026-08-03,0.1.0-DRAFT,c6b22ad5f2812cc989a0d3593f40e21207da8f53,OPEN,BLOCK,SBL-VKM-013-03,S1_CRITICAL,critical_process_limits,Dish-specific thermal/cold/acidification/assembly process and validated limits are absent,final process; hazard analysis; applicable official/manufacturer limit; calibrated control-cook measurements,CCP/OPRP classification and safe release criteria cannot be approved,Food Safety/PPK owner; Chef; Operations,"perform hazard analysis and validation; document limits, monitoring and corrective actions",Gate B / Issue #38,EVD-0013;EVD-FS-001
VKM-013,Слабосолёный лосось,2026-08-03,0.1.0-DRAFT,c6b22ad5f2812cc989a0d3593f40e21207da8f53,OPEN,BLOCK,SBL-VKM-013-04,S1_CRITICAL,storage_cooling_reheating_shelf_life,No supported dish-specific route or limit. Cooling: APPLICABILITY_PENDING: cooked components must have a validated cooling route if prepared in advance; otherwise use immediate assembly/service route documented by PPK Reheating: NOT_PLANNED_IN_DRAFT: any reheating is a process change requiring hazard review and validation,Owner/Chef choice of immediate-service vs make-ahead/channel flow; manufacturer conditions; official applicability review; calibrated validation/testing for each applicable stage,"production planning, labels, delivery and service release are blocked",Owner; Chef; Food Safety/PPK owner; Operations,"approve the exact route, then establish and validate only applicable regimes without extrapolating unsupported values",Gate B / Owner-Chef-PPK Decision Gate,EVD-0014;EVD-FS-001;EVD-FS-003;EVD-FS-006
VKM-013,Слабосолёный лосось,2026-08-03,0.1.0-DRAFT,c6b22ad5f2812cc989a0d3593f40e21207da8f53,OPEN,BLOCK,SBL-VKM-013-05,S2_MAJOR,labeling_and_traceability,Approved lot-to-portion traceability and consumer-information workflow is absent,approved form/workflow; responsibility matrix; mock trace test; channel packaging decision,batch cannot be reliably traced or released to delivery/takeaway channel,Food Safety/PPK owner; Operations; Owner,approve form and conduct traceability exercise for the dish/channel,Gate B / Gate C,EVD-0015;EVD-FS-001;EVD-FS-002
VKM-014,Сельдь с запечённым картофелем,2026-08-03,0.1.0-DRAFT,c6b22ad5f2812cc989a0d3593f40e21207da8f53,OPEN,BLOCK,SBL-VKM-014-01,S1_CRITICAL,raw_material_acceptance_and_SKU_evidence,Selected ingredient SKUs and primary manufacturer/supplier documents are absent,SKU list; labels/specifications; conformity and veterinary documents where applicable; lot/storage/transport data,"raw-material safety, allergens, shelf life and traceability cannot be confirmed",Procurement,collect and register dossier for every recipe ingredient,Gate B / before procurement and service,EVD-0012;EVD-0016;EVD-FS-001;EVD-FS-003;EVD-FS-006
VKM-014,Сельдь с запечённым картофелем,2026-08-03,0.1.0-DRAFT,c6b22ad5f2812cc989a0d3593f40e21207da8f53,OPEN,BLOCK,SBL-VKM-014-02,S1_CRITICAL,allergens_and_cross_contact,"Direct draft-recipe allergens are identified, but Chef acceptance, compound-ingredient/SKU composition and site cross-contact validation are absent",Chef-accepted exact recipe/VSF version; SKU allergen declarations; shared equipment/flow map; cleaning validation,cannot issue final allergen information or declare any allergen absence,Chef; Procurement; Food Safety/PPK owner,"accept/revise locked recipe, complete recipe-to-SKU allergen review and validate cross-contact controls",Gate B / before consumer offering,EVD-0012;EVD-FS-002
VKM-014,Сельдь с запечённым картофелем,2026-08-03,0.1.0-DRAFT,c6b22ad5f2812cc989a0d3593f40e21207da8f53,OPEN,BLOCK,SBL-VKM-014-03,S1_CRITICAL,critical_process_limits,Dish-specific thermal/cold/acidification/assembly process and validated limits are absent,final process; hazard analysis; applicable official/manufacturer limit; calibrated control-cook measurements,CCP/OPRP classification and safe release criteria cannot be approved,Food Safety/PPK owner; Chef; Operations,"perform hazard analysis and validation; document limits, monitoring and corrective actions",Gate B / Issue #38,EVD-0013;EVD-FS-001
VKM-014,Сельдь с запечённым картофелем,2026-08-03,0.1.0-DRAFT,c6b22ad5f2812cc989a0d3593f40e21207da8f53,OPEN,BLOCK,SBL-VKM-014-04,S1_CRITICAL,storage_cooling_reheating_shelf_life,No supported dish-specific route or limit. Cooling: APPLICABILITY_PENDING: cooked components must have a validated cooling route if prepared in advance; otherwise use immediate assembly/service route documented by PPK Reheating: NOT_PLANNED_IN_DRAFT: any reheating is a process change requiring hazard review and validation,Owner/Chef choice of immediate-service vs make-ahead/channel flow; manufacturer conditions; official applicability review; calibrated validation/testing for each applicable stage,"production planning, labels, delivery and service release are blocked",Owner; Chef; Food Safety/PPK owner; Operations,"approve the exact route, then establish and validate only applicable regimes without extrapolating unsupported values",Gate B / Owner-Chef-PPK Decision Gate,EVD-0014;EVD-FS-001;EVD-FS-003;EVD-FS-006
VKM-014,Сельдь с запечённым картофелем,2026-08-03,0.1.0-DRAFT,c6b22ad5f2812cc989a0d3593f40e21207da8f53,OPEN,BLOCK,SBL-VKM-014-05,S2_MAJOR,labeling_and_traceability,Approved lot-to-portion traceability and consumer-information workflow is absent,approved form/workflow; responsibility matrix; mock trace test; channel packaging decision,batch cannot be reliably traced or released to delivery/takeaway channel,Food Safety/PPK owner; Operations; Owner,approve form and conduct traceability exercise for the dish/channel,Gate B / Gate C,EVD-0015;EVD-FS-001;EVD-FS-002
VKM-015,Оливки и маслины,2026-08-03,0.1.0-DRAFT,c6b22ad5f2812cc989a0d3593f40e21207da8f53,OPEN,BLOCK,SBL-VKM-015-01,S1_CRITICAL,raw_material_acceptance_and_SKU_evidence,Selected ingredient SKUs and primary manufacturer/supplier documents are absent,SKU list; labels/specifications; conformity and veterinary documents where applicable; lot/storage/transport data,"raw-material safety, allergens, shelf life and traceability cannot be confirmed",Procurement,collect and register dossier for every recipe ingredient,Gate B / before procurement and service,EVD-0012;EVD-0016;EVD-FS-001;EVD-FS-003
VKM-015,Оливки и маслины,2026-08-03,0.1.0-DRAFT,c6b22ad5f2812cc989a0d3593f40e21207da8f53,OPEN,BLOCK,SBL-VKM-015-02,S1_CRITICAL,allergens_and_cross_contact,"Direct draft-recipe allergens are identified, but Chef acceptance, compound-ingredient/SKU composition and site cross-contact validation are absent",Chef-accepted exact recipe/VSF version; SKU allergen declarations; shared equipment/flow map; cleaning validation,cannot issue final allergen information or declare any allergen absence,Chef; Procurement; Food Safety/PPK owner,"accept/revise locked recipe, complete recipe-to-SKU allergen review and validate cross-contact controls",Gate B / before consumer offering,EVD-0012;EVD-FS-002
VKM-015,Оливки и маслины,2026-08-03,0.1.0-DRAFT,c6b22ad5f2812cc989a0d3593f40e21207da8f53,OPEN,BLOCK,SBL-VKM-015-03,S1_CRITICAL,critical_process_limits,Dish-specific thermal/cold/acidification/assembly process and validated limits are absent,final process; hazard analysis; applicable official/manufacturer limit; calibrated control-cook measurements,CCP/OPRP classification and safe release criteria cannot be approved,Food Safety/PPK owner; Chef; Operations,"perform hazard analysis and validation; document limits, monitoring and corrective actions",Gate B / Issue #38,EVD-0013;EVD-FS-001
VKM-015,Оливки и маслины,2026-08-03,0.1.0-DRAFT,c6b22ad5f2812cc989a0d3593f40e21207da8f53,OPEN,BLOCK,SBL-VKM-015-04,S1_CRITICAL,storage_cooling_reheating_shelf_life,No supported dish-specific route or limit. Cooling: APPLICABILITY_PENDING: cooked components must have a validated cooling route if prepared in advance; otherwise use immediate assembly/service route documented by PPK Reheating: NOT_PLANNED_IN_DRAFT: any reheating is a process change requiring hazard review and validation,Owner/Chef choice of immediate-service vs make-ahead/channel flow; manufacturer conditions; official applicability review; calibrated validation/testing for each applicable stage,"production planning, labels, delivery and service release are blocked",Owner; Chef; Food Safety/PPK owner; Operations,"approve the exact route, then establish and validate only applicable regimes without extrapolating unsupported values",Gate B / Owner-Chef-PPK Decision Gate,EVD-0014;EVD-FS-001;EVD-FS-003
VKM-015,Оливки и маслины,2026-08-03,0.1.0-DRAFT,c6b22ad5f2812cc989a0d3593f40e21207da8f53,OPEN,BLOCK,SBL-VKM-015-05,S2_MAJOR,labeling_and_traceability,Approved lot-to-portion traceability and consumer-information workflow is absent,approved form/workflow; responsibility matrix; mock trace test; channel packaging decision,batch cannot be reliably traced or released to delivery/takeaway channel,Food Safety/PPK owner; Operations; Owner,approve form and conduct traceability exercise for the dish/channel,Gate B / Gate C,EVD-0015;EVD-FS-001;EVD-FS-002
VKM-016,Ассорти фирменных солений,2026-08-03,0.1.0-DRAFT,c6b22ad5f2812cc989a0d3593f40e21207da8f53,OPEN,BLOCK,SBL-VKM-016-01,S1_CRITICAL,raw_material_acceptance_and_SKU_evidence,Selected ingredient SKUs and primary manufacturer/supplier documents are absent,SKU list; labels/specifications; conformity and veterinary documents where applicable; lot/storage/transport data,"raw-material safety, allergens, shelf life and traceability cannot be confirmed",Procurement,collect and register dossier for every recipe ingredient,Gate B / before procurement and service,EVD-0012;EVD-0016;EVD-FS-001;EVD-FS-003
VKM-016,Ассорти фирменных солений,2026-08-03,0.1.0-DRAFT,c6b22ad5f2812cc989a0d3593f40e21207da8f53,OPEN,BLOCK,SBL-VKM-016-02,S1_CRITICAL,allergens_and_cross_contact,"Direct draft-recipe allergens are identified, but Chef acceptance, compound-ingredient/SKU composition and site cross-contact validation are absent",Chef-accepted exact recipe/VSF version; SKU allergen declarations; shared equipment/flow map; cleaning validation,cannot issue final allergen information or declare any allergen absence,Chef; Procurement; Food Safety/PPK owner,"accept/revise locked recipe, complete recipe-to-SKU allergen review and validate cross-contact controls",Gate B / before consumer offering,EVD-0012;EVD-FS-002
VKM-016,Ассорти фирменных солений,2026-08-03,0.1.0-DRAFT,c6b22ad5f2812cc989a0d3593f40e21207da8f53,OPEN,BLOCK,SBL-VKM-016-03,S1_CRITICAL,critical_process_limits,Dish-specific thermal/cold/acidification/assembly process and validated limits are absent,final process; hazard analysis; applicable official/manufacturer limit; calibrated control-cook measurements,CCP/OPRP classification and safe release criteria cannot be approved,Food Safety/PPK owner; Chef; Operations,"perform hazard analysis and validation; document limits, monitoring and corrective actions",Gate B / Issue #38,EVD-0013;EVD-FS-001
VKM-016,Ассорти фирменных солений,2026-08-03,0.1.0-DRAFT,c6b22ad5f2812cc989a0d3593f40e21207da8f53,OPEN,BLOCK,SBL-VKM-016-04,S1_CRITICAL,storage_cooling_reheating_shelf_life,No supported dish-specific route or limit. Cooling: APPLICABILITY_PENDING: cooked components must have a validated cooling route if prepared in advance; otherwise use immediate assembly/service route documented by PPK Reheating: NOT_PLANNED_IN_DRAFT: any reheating is a process change requiring hazard review and validation,Owner/Chef choice of immediate-service vs make-ahead/channel flow; manufacturer conditions; official applicability review; calibrated validation/testing for each applicable stage,"production planning, labels, delivery and service release are blocked",Owner; Chef; Food Safety/PPK owner; Operations,"approve the exact route, then establish and validate only applicable regimes without extrapolating unsupported values",Gate B / Owner-Chef-PPK Decision Gate,EVD-0014;EVD-FS-001;EVD-FS-003
VKM-016,Ассорти фирменных солений,2026-08-03,0.1.0-DRAFT,c6b22ad5f2812cc989a0d3593f40e21207da8f53,OPEN,BLOCK,SBL-VKM-016-05,S2_MAJOR,labeling_and_traceability,Approved lot-to-portion traceability and consumer-information workflow is absent,approved form/workflow; responsibility matrix; mock trace test; channel packaging decision,batch cannot be reliably traced or released to delivery/takeaway channel,Food Safety/PPK owner; Operations; Owner,approve form and conduct traceability exercise for the dish/channel,Gate B / Gate C,EVD-0015;EVD-FS-001;EVD-FS-002
VKM-017,Ростбиф с луком и гренкой,2026-08-03,0.1.0-DRAFT,c6b22ad5f2812cc989a0d3593f40e21207da8f53,OPEN,BLOCK,SBL-VKM-017-01,S1_CRITICAL,raw_material_acceptance_and_SKU_evidence,Selected ingredient SKUs and primary manufacturer/supplier documents are absent,SKU list; labels/specifications; conformity and veterinary documents where applicable; lot/storage/transport data,"raw-material safety, allergens, shelf life and traceability cannot be confirmed",Procurement,collect and register dossier for every recipe ingredient,Gate B / before procurement and service,EVD-0012;EVD-0016;EVD-FS-001;EVD-FS-003;EVD-FS-008
VKM-017,Ростбиф с луком и гренкой,2026-08-03,0.1.0-DRAFT,c6b22ad5f2812cc989a0d3593f40e21207da8f53,OPEN,BLOCK,SBL-VKM-017-02,S1_CRITICAL,allergens_and_cross_contact,"Direct draft-recipe allergens are identified, but Chef acceptance, compound-ingredient/SKU composition and site cross-contact validation are absent",Chef-accepted exact recipe/VSF version; SKU allergen declarations; shared equipment/flow map; cleaning validation,cannot issue final allergen information or declare any allergen absence,Chef; Procurement; Food Safety/PPK owner,"accept/revise locked recipe, complete recipe-to-SKU allergen review and validate cross-contact controls",Gate B / before consumer offering,EVD-0012;EVD-FS-002
VKM-017,Ростбиф с луком и гренкой,2026-08-03,0.1.0-DRAFT,c6b22ad5f2812cc989a0d3593f40e21207da8f53,OPEN,BLOCK,SBL-VKM-017-03,S1_CRITICAL,critical_process_limits,Dish-specific thermal/cold/acidification/assembly process and validated limits are absent,final process; hazard analysis; applicable official/manufacturer limit; calibrated control-cook measurements,CCP/OPRP classification and safe release criteria cannot be approved,Food Safety/PPK owner; Chef; Operations,"perform hazard analysis and validation; document limits, monitoring and corrective actions",Gate B / Issue #38,EVD-0013;EVD-FS-001
VKM-017,Ростбиф с луком и гренкой,2026-08-03,0.1.0-DRAFT,c6b22ad5f2812cc989a0d3593f40e21207da8f53,OPEN,BLOCK,SBL-VKM-017-04,S1_CRITICAL,storage_cooling_reheating_shelf_life,No supported dish-specific route or limit. Cooling: APPLICABILITY_PENDING: cooked components must have a validated cooling route if prepared in advance; otherwise use immediate assembly/service route documented by PPK Reheating: NOT_PLANNED_IN_DRAFT: any reheating is a process change requiring hazard review and validation,Owner/Chef choice of immediate-service vs make-ahead/channel flow; manufacturer conditions; official applicability review; calibrated validation/testing for each applicable stage,"production planning, labels, delivery and service release are blocked",Owner; Chef; Food Safety/PPK owner; Operations,"approve the exact route, then establish and validate only applicable regimes without extrapolating unsupported values",Gate B / Owner-Chef-PPK Decision Gate,EVD-0014;EVD-FS-001;EVD-FS-003;EVD-FS-008
VKM-017,Ростбиф с луком и гренкой,2026-08-03,0.1.0-DRAFT,c6b22ad5f2812cc989a0d3593f40e21207da8f53,OPEN,BLOCK,SBL-VKM-017-05,S2_MAJOR,labeling_and_traceability,Approved lot-to-portion traceability and consumer-information workflow is absent,approved form/workflow; responsibility matrix; mock trace test; channel packaging decision,batch cannot be reliably traced or released to delivery/takeaway channel,Food Safety/PPK owner; Operations; Owner,approve form and conduct traceability exercise for the dish/channel,Gate B / Gate C,EVD-0015;EVD-FS-001;EVD-FS-002
VKM-018,Традиционный красный борщ,2026-08-03,0.1.0-DRAFT,c6b22ad5f2812cc989a0d3593f40e21207da8f53,OPEN,BLOCK,SBL-VKM-018-01,S1_CRITICAL,raw_material_acceptance_and_SKU_evidence,Selected ingredient SKUs and primary manufacturer/supplier documents are absent,SKU list; labels/specifications; conformity and veterinary documents where applicable; lot/storage/transport data,"raw-material safety, allergens, shelf life and traceability cannot be confirmed",Procurement,collect and register dossier for every recipe ingredient,Gate B / before procurement and service,EVD-0012;EVD-0016;EVD-FS-001;EVD-FS-003;EVD-FS-007
VKM-018,Традиционный красный борщ,2026-08-03,0.1.0-DRAFT,c6b22ad5f2812cc989a0d3593f40e21207da8f53,OPEN,BLOCK,SBL-VKM-018-02,S1_CRITICAL,allergens_and_cross_contact,"Direct draft-recipe allergens are identified, but Chef acceptance, compound-ingredient/SKU composition and site cross-contact validation are absent",Chef-accepted exact recipe/VSF version; SKU allergen declarations; shared equipment/flow map; cleaning validation,cannot issue final allergen information or declare any allergen absence,Chef; Procurement; Food Safety/PPK owner,"accept/revise locked recipe, complete recipe-to-SKU allergen review and validate cross-contact controls",Gate B / before consumer offering,EVD-0012;EVD-FS-002
VKM-018,Традиционный красный борщ,2026-08-03,0.1.0-DRAFT,c6b22ad5f2812cc989a0d3593f40e21207da8f53,OPEN,BLOCK,SBL-VKM-018-03,S1_CRITICAL,critical_process_limits,Dish-specific thermal/cold/acidification/assembly process and validated limits are absent,final process; hazard analysis; applicable official/manufacturer limit; calibrated control-cook measurements,CCP/OPRP classification and safe release criteria cannot be approved,Food Safety/PPK owner; Chef; Operations,"perform hazard analysis and validation; document limits, monitoring and corrective actions",Gate B / Issue #38,EVD-0013;EVD-FS-001
VKM-018,Традиционный красный борщ,2026-08-03,0.1.0-DRAFT,c6b22ad5f2812cc989a0d3593f40e21207da8f53,OPEN,BLOCK,SBL-VKM-018-04,S1_CRITICAL,storage_cooling_reheating_shelf_life,No supported dish-specific route or limit. Cooling: CONDITIONAL: applies if any component is prepared in advance; cooling route and limit require validation Reheating: CONDITIONAL: applies only to an approved make-ahead route; reheating route and limit require validation,Owner/Chef choice of immediate-service vs make-ahead/channel flow; manufacturer conditions; official applicability review; calibrated validation/testing for each applicable stage,"production planning, labels, delivery and service release are blocked",Owner; Chef; Food Safety/PPK owner; Operations,"approve the exact route, then establish and validate only applicable regimes without extrapolating unsupported values",Gate B / Owner-Chef-PPK Decision Gate,EVD-0014;EVD-FS-001;EVD-FS-003;EVD-FS-007
VKM-018,Традиционный красный борщ,2026-08-03,0.1.0-DRAFT,c6b22ad5f2812cc989a0d3593f40e21207da8f53,OPEN,BLOCK,SBL-VKM-018-05,S2_MAJOR,labeling_and_traceability,Approved lot-to-portion traceability and consumer-information workflow is absent,approved form/workflow; responsibility matrix; mock trace test; channel packaging decision,batch cannot be reliably traced or released to delivery/takeaway channel,Food Safety/PPK owner; Operations; Owner,approve form and conduct traceability exercise for the dish/channel,Gate B / Gate C,EVD-0015;EVD-FS-001;EVD-FS-002
VKM-019,Мурманская треска со сливочно-горчичным соусом,2026-08-03,0.1.0-DRAFT,c6b22ad5f2812cc989a0d3593f40e21207da8f53,OPEN,BLOCK,SBL-VKM-019-01,S1_CRITICAL,raw_material_acceptance_and_SKU_evidence,Selected ingredient SKUs and primary manufacturer/supplier documents are absent,SKU list; labels/specifications; conformity and veterinary documents where applicable; lot/storage/transport data,"raw-material safety, allergens, shelf life and traceability cannot be confirmed",Procurement,collect and register dossier for every recipe ingredient,Gate B / before procurement and service,EVD-0012;EVD-0016;EVD-FS-001;EVD-FS-003;EVD-FS-007;EVD-FS-006
VKM-019,Мурманская треска со сливочно-горчичным соусом,2026-08-03,0.1.0-DRAFT,c6b22ad5f2812cc989a0d3593f40e21207da8f53,OPEN,BLOCK,SBL-VKM-019-02,S1_CRITICAL,allergens_and_cross_contact,"Direct draft-recipe allergens are identified, but Chef acceptance, compound-ingredient/SKU composition and site cross-contact validation are absent",Chef-accepted exact recipe/VSF version; SKU allergen declarations; shared equipment/flow map; cleaning validation,cannot issue final allergen information or declare any allergen absence,Chef; Procurement; Food Safety/PPK owner,"accept/revise locked recipe, complete recipe-to-SKU allergen review and validate cross-contact controls",Gate B / before consumer offering,EVD-0012;EVD-FS-002
VKM-019,Мурманская треска со сливочно-горчичным соусом,2026-08-03,0.1.0-DRAFT,c6b22ad5f2812cc989a0d3593f40e21207da8f53,OPEN,BLOCK,SBL-VKM-019-03,S1_CRITICAL,critical_process_limits,Dish-specific thermal/cold/acidification/assembly process and validated limits are absent,final process; hazard analysis; applicable official/manufacturer limit; calibrated control-cook measurements,CCP/OPRP classification and safe release criteria cannot be approved,Food Safety/PPK owner; Chef; Operations,"perform hazard analysis and validation; document limits, monitoring and corrective actions",Gate B / Issue #38,EVD-0013;EVD-FS-001
VKM-019,Мурманская треска со сливочно-горчичным соусом,2026-08-03,0.1.0-DRAFT,c6b22ad5f2812cc989a0d3593f40e21207da8f53,OPEN,BLOCK,SBL-VKM-019-04,S1_CRITICAL,storage_cooling_reheating_shelf_life,No supported dish-specific route or limit. Cooling: CONDITIONAL: applies if any component is prepared in advance; cooling route and limit require validation Reheating: CONDITIONAL: applies only to an approved make-ahead route; reheating route and limit require validation,Owner/Chef choice of immediate-service vs make-ahead/channel flow; manufacturer conditions; official applicability review; calibrated validation/testing for each applicable stage,"production planning, labels, delivery and service release are blocked",Owner; Chef; Food Safety/PPK owner; Operations,"approve the exact route, then establish and validate only applicable regimes without extrapolating unsupported values",Gate B / Owner-Chef-PPK Decision Gate,EVD-0014;EVD-FS-001;EVD-FS-003;EVD-FS-007;EVD-FS-006
VKM-019,Мурманская треска со сливочно-горчичным соусом,2026-08-03,0.1.0-DRAFT,c6b22ad5f2812cc989a0d3593f40e21207da8f53,OPEN,BLOCK,SBL-VKM-019-05,S2_MAJOR,labeling_and_traceability,Approved lot-to-portion traceability and consumer-information workflow is absent,approved form/workflow; responsibility matrix; mock trace test; channel packaging decision,batch cannot be reliably traced or released to delivery/takeaway channel,Food Safety/PPK owner; Operations; Owner,approve form and conduct traceability exercise for the dish/channel,Gate B / Gate C,EVD-0015;EVD-FS-001;EVD-FS-002
VKM-020,Креветки по-тайски,2026-08-03,0.1.0-DRAFT,c6b22ad5f2812cc989a0d3593f40e21207da8f53,OPEN,BLOCK,SBL-VKM-020-01,S1_CRITICAL,raw_material_acceptance_and_SKU_evidence,Selected ingredient SKUs and primary manufacturer/supplier documents are absent,SKU list; labels/specifications; conformity and veterinary documents where applicable; lot/storage/transport data,"raw-material safety, allergens, shelf life and traceability cannot be confirmed",Procurement,collect and register dossier for every recipe ingredient,Gate B / before procurement and service,EVD-0012;EVD-0016;EVD-FS-001;EVD-FS-003;EVD-FS-006
VKM-020,Креветки по-тайски,2026-08-03,0.1.0-DRAFT,c6b22ad5f2812cc989a0d3593f40e21207da8f53,OPEN,BLOCK,SBL-VKM-020-02,S1_CRITICAL,allergens_and_cross_contact,"Direct draft-recipe allergens are identified, but Chef acceptance, compound-ingredient/SKU composition and site cross-contact validation are absent",Chef-accepted exact recipe/VSF version; SKU allergen declarations; shared equipment/flow map; cleaning validation,cannot issue final allergen information or declare any allergen absence,Chef; Procurement; Food Safety/PPK owner,"accept/revise locked recipe, complete recipe-to-SKU allergen review and validate cross-contact controls",Gate B / before consumer offering,EVD-0012;EVD-FS-002
VKM-020,Креветки по-тайски,2026-08-03,0.1.0-DRAFT,c6b22ad5f2812cc989a0d3593f40e21207da8f53,OPEN,BLOCK,SBL-VKM-020-03,S1_CRITICAL,critical_process_limits,Dish-specific thermal/cold/acidification/assembly process and validated limits are absent,final process; hazard analysis; applicable official/manufacturer limit; calibrated control-cook measurements,CCP/OPRP classification and safe release criteria cannot be approved,Food Safety/PPK owner; Chef; Operations,"perform hazard analysis and validation; document limits, monitoring and corrective actions",Gate B / Issue #38,EVD-0013;EVD-FS-001
VKM-020,Креветки по-тайски,2026-08-03,0.1.0-DRAFT,c6b22ad5f2812cc989a0d3593f40e21207da8f53,OPEN,BLOCK,SBL-VKM-020-04,S1_CRITICAL,storage_cooling_reheating_shelf_life,No supported dish-specific route or limit. Cooling: CONDITIONAL: applies if any component is prepared in advance; cooling route and limit require validation Reheating: CONDITIONAL: applies only to an approved make-ahead route; reheating route and limit require validation,Owner/Chef choice of immediate-service vs make-ahead/channel flow; manufacturer conditions; official applicability review; calibrated validation/testing for each applicable stage,"production planning, labels, delivery and service release are blocked",Owner; Chef; Food Safety/PPK owner; Operations,"approve the exact route, then establish and validate only applicable regimes without extrapolating unsupported values",Gate B / Owner-Chef-PPK Decision Gate,EVD-0014;EVD-FS-001;EVD-FS-003;EVD-FS-006
VKM-020,Креветки по-тайски,2026-08-03,0.1.0-DRAFT,c6b22ad5f2812cc989a0d3593f40e21207da8f53,OPEN,BLOCK,SBL-VKM-020-05,S2_MAJOR,labeling_and_traceability,Approved lot-to-portion traceability and consumer-information workflow is absent,approved form/workflow; responsibility matrix; mock trace test; channel packaging decision,batch cannot be reliably traced or released to delivery/takeaway channel,Food Safety/PPK owner; Operations; Owner,approve form and conduct traceability exercise for the dish/channel,Gate B / Gate C,EVD-0015;EVD-FS-001;EVD-FS-002
VKM-021,Бургер VARSHAVKA,2026-08-03,0.1.0-DRAFT,c6b22ad5f2812cc989a0d3593f40e21207da8f53,OPEN,BLOCK,SBL-VKM-021-01,S1_CRITICAL,raw_material_acceptance_and_SKU_evidence,Selected ingredient SKUs and primary manufacturer/supplier documents are absent,SKU list; labels/specifications; conformity and veterinary documents where applicable; lot/storage/transport data,"raw-material safety, allergens, shelf life and traceability cannot be confirmed",Procurement,collect and register dossier for every recipe ingredient,Gate B / before procurement and service,EVD-0012;EVD-0016;EVD-FS-001;EVD-FS-003;EVD-FS-007;EVD-FS-008
VKM-021,Бургер VARSHAVKA,2026-08-03,0.1.0-DRAFT,c6b22ad5f2812cc989a0d3593f40e21207da8f53,OPEN,BLOCK,SBL-VKM-021-02,S1_CRITICAL,allergens_and_cross_contact,"Direct draft-recipe allergens are identified, but Chef acceptance, compound-ingredient/SKU composition and site cross-contact validation are absent",Chef-accepted exact recipe/VSF version; SKU allergen declarations; shared equipment/flow map; cleaning validation,cannot issue final allergen information or declare any allergen absence,Chef; Procurement; Food Safety/PPK owner,"accept/revise locked recipe, complete recipe-to-SKU allergen review and validate cross-contact controls",Gate B / before consumer offering,EVD-0012;EVD-FS-002
VKM-021,Бургер VARSHAVKA,2026-08-03,0.1.0-DRAFT,c6b22ad5f2812cc989a0d3593f40e21207da8f53,OPEN,BLOCK,SBL-VKM-021-03,S1_CRITICAL,critical_process_limits,Dish-specific thermal/cold/acidification/assembly process and validated limits are absent,final process; hazard analysis; applicable official/manufacturer limit; calibrated control-cook measurements,CCP/OPRP classification and safe release criteria cannot be approved,Food Safety/PPK owner; Chef; Operations,"perform hazard analysis and validation; document limits, monitoring and corrective actions",Gate B / Issue #38,EVD-0013;EVD-FS-001
VKM-021,Бургер VARSHAVKA,2026-08-03,0.1.0-DRAFT,c6b22ad5f2812cc989a0d3593f40e21207da8f53,OPEN,BLOCK,SBL-VKM-021-04,S1_CRITICAL,storage_cooling_reheating_shelf_life,No supported dish-specific route or limit. Cooling: CONDITIONAL: applies if any component is prepared in advance; cooling route and limit require validation Reheating: CONDITIONAL: applies only to an approved make-ahead route; reheating route and limit require validation,Owner/Chef choice of immediate-service vs make-ahead/channel flow; manufacturer conditions; official applicability review; calibrated validation/testing for each applicable stage,"production planning, labels, delivery and service release are blocked",Owner; Chef; Food Safety/PPK owner; Operations,"approve the exact route, then establish and validate only applicable regimes without extrapolating unsupported values",Gate B / Owner-Chef-PPK Decision Gate,EVD-0014;EVD-FS-001;EVD-FS-003;EVD-FS-007;EVD-FS-008
VKM-021,Бургер VARSHAVKA,2026-08-03,0.1.0-DRAFT,c6b22ad5f2812cc989a0d3593f40e21207da8f53,OPEN,BLOCK,SBL-VKM-021-05,S2_MAJOR,labeling_and_traceability,Approved lot-to-portion traceability and consumer-information workflow is absent,approved form/workflow; responsibility matrix; mock trace test; channel packaging decision,batch cannot be reliably traced or released to delivery/takeaway channel,Food Safety/PPK owner; Operations; Owner,approve form and conduct traceability exercise for the dish/channel,Gate B / Gate C,EVD-0015;EVD-FS-001;EVD-FS-002
VKM-022,Миньоны из говяжьей вырезки,2026-08-03,0.1.0-DRAFT,c6b22ad5f2812cc989a0d3593f40e21207da8f53,OPEN,BLOCK,SBL-VKM-022-01,S1_CRITICAL,raw_material_acceptance_and_SKU_evidence,Selected ingredient SKUs and primary manufacturer/supplier documents are absent,SKU list; labels/specifications; conformity and veterinary documents where applicable; lot/storage/transport data,"raw-material safety, allergens, shelf life and traceability cannot be confirmed",Procurement,collect and register dossier for every recipe ingredient,Gate B / before procurement and service,EVD-0012;EVD-0016;EVD-FS-001;EVD-FS-003;EVD-FS-008
VKM-022,Миньоны из говяжьей вырезки,2026-08-03,0.1.0-DRAFT,c6b22ad5f2812cc989a0d3593f40e21207da8f53,OPEN,BLOCK,SBL-VKM-022-02,S1_CRITICAL,allergens_and_cross_contact,"Direct draft-recipe allergens are identified, but Chef acceptance, compound-ingredient/SKU composition and site cross-contact validation are absent",Chef-accepted exact recipe/VSF version; SKU allergen declarations; shared equipment/flow map; cleaning validation,cannot issue final allergen information or declare any allergen absence,Chef; Procurement; Food Safety/PPK owner,"accept/revise locked recipe, complete recipe-to-SKU allergen review and validate cross-contact controls",Gate B / before consumer offering,EVD-0012;EVD-FS-002
VKM-022,Миньоны из говяжьей вырезки,2026-08-03,0.1.0-DRAFT,c6b22ad5f2812cc989a0d3593f40e21207da8f53,OPEN,BLOCK,SBL-VKM-022-03,S1_CRITICAL,critical_process_limits,Dish-specific thermal/cold/acidification/assembly process and validated limits are absent,final process; hazard analysis; applicable official/manufacturer limit; calibrated control-cook measurements,CCP/OPRP classification and safe release criteria cannot be approved,Food Safety/PPK owner; Chef; Operations,"perform hazard analysis and validation; document limits, monitoring and corrective actions",Gate B / Issue #38,EVD-0013;EVD-FS-001
VKM-022,Миньоны из говяжьей вырезки,2026-08-03,0.1.0-DRAFT,c6b22ad5f2812cc989a0d3593f40e21207da8f53,OPEN,BLOCK,SBL-VKM-022-04,S1_CRITICAL,storage_cooling_reheating_shelf_life,No supported dish-specific route or limit. Cooling: CONDITIONAL: applies if any component is prepared in advance; cooling route and limit require validation Reheating: CONDITIONAL: applies only to an approved make-ahead route; reheating route and limit require validation,Owner/Chef choice of immediate-service vs make-ahead/channel flow; manufacturer conditions; official applicability review; calibrated validation/testing for each applicable stage,"production planning, labels, delivery and service release are blocked",Owner; Chef; Food Safety/PPK owner; Operations,"approve the exact route, then establish and validate only applicable regimes without extrapolating unsupported values",Gate B / Owner-Chef-PPK Decision Gate,EVD-0014;EVD-FS-001;EVD-FS-003;EVD-FS-008
VKM-022,Миньоны из говяжьей вырезки,2026-08-03,0.1.0-DRAFT,c6b22ad5f2812cc989a0d3593f40e21207da8f53,OPEN,BLOCK,SBL-VKM-022-05,S2_MAJOR,labeling_and_traceability,Approved lot-to-portion traceability and consumer-information workflow is absent,approved form/workflow; responsibility matrix; mock trace test; channel packaging decision,batch cannot be reliably traced or released to delivery/takeaway channel,Food Safety/PPK owner; Operations; Owner,approve form and conduct traceability exercise for the dish/channel,Gate B / Gate C,EVD-0015;EVD-FS-001;EVD-FS-002
VKM-023,Запечённый картофель,2026-08-03,0.1.0-DRAFT,c6b22ad5f2812cc989a0d3593f40e21207da8f53,OPEN,BLOCK,SBL-VKM-023-01,S1_CRITICAL,raw_material_acceptance_and_SKU_evidence,Selected ingredient SKUs and primary manufacturer/supplier documents are absent,SKU list; labels/specifications; conformity and veterinary documents where applicable; lot/storage/transport data,"raw-material safety, allergens, shelf life and traceability cannot be confirmed",Procurement,collect and register dossier for every recipe ingredient,Gate B / before procurement and service,EVD-0012;EVD-0016;EVD-FS-001;EVD-FS-003
VKM-023,Запечённый картофель,2026-08-03,0.1.0-DRAFT,c6b22ad5f2812cc989a0d3593f40e21207da8f53,OPEN,BLOCK,SBL-VKM-023-02,S1_CRITICAL,allergens_and_cross_contact,"Direct draft-recipe allergens are identified, but Chef acceptance, compound-ingredient/SKU composition and site cross-contact validation are absent",Chef-accepted exact recipe/VSF version; SKU allergen declarations; shared equipment/flow map; cleaning validation,cannot issue final allergen information or declare any allergen absence,Chef; Procurement; Food Safety/PPK owner,"accept/revise locked recipe, complete recipe-to-SKU allergen review and validate cross-contact controls",Gate B / before consumer offering,EVD-0012;EVD-FS-002
VKM-023,Запечённый картофель,2026-08-03,0.1.0-DRAFT,c6b22ad5f2812cc989a0d3593f40e21207da8f53,OPEN,BLOCK,SBL-VKM-023-03,S1_CRITICAL,critical_process_limits,Dish-specific thermal/cold/acidification/assembly process and validated limits are absent,final process; hazard analysis; applicable official/manufacturer limit; calibrated control-cook measurements,CCP/OPRP classification and safe release criteria cannot be approved,Food Safety/PPK owner; Chef; Operations,"perform hazard analysis and validation; document limits, monitoring and corrective actions",Gate B / Issue #38,EVD-0013;EVD-FS-001
VKM-023,Запечённый картофель,2026-08-03,0.1.0-DRAFT,c6b22ad5f2812cc989a0d3593f40e21207da8f53,OPEN,BLOCK,SBL-VKM-023-04,S1_CRITICAL,storage_cooling_reheating_shelf_life,No supported dish-specific route or limit. Cooling: CONDITIONAL: applies if any component is prepared in advance; cooling route and limit require validation Reheating: CONDITIONAL: applies only to an approved make-ahead route; reheating route and limit require validation,Owner/Chef choice of immediate-service vs make-ahead/channel flow; manufacturer conditions; official applicability review; calibrated validation/testing for each applicable stage,"production planning, labels, delivery and service release are blocked",Owner; Chef; Food Safety/PPK owner; Operations,"approve the exact route, then establish and validate only applicable regimes without extrapolating unsupported values",Gate B / Owner-Chef-PPK Decision Gate,EVD-0014;EVD-FS-001;EVD-FS-003
VKM-023,Запечённый картофель,2026-08-03,0.1.0-DRAFT,c6b22ad5f2812cc989a0d3593f40e21207da8f53,OPEN,BLOCK,SBL-VKM-023-05,S2_MAJOR,labeling_and_traceability,Approved lot-to-portion traceability and consumer-information workflow is absent,approved form/workflow; responsibility matrix; mock trace test; channel packaging decision,batch cannot be reliably traced or released to delivery/takeaway channel,Food Safety/PPK owner; Operations; Owner,approve form and conduct traceability exercise for the dish/channel,Gate B / Gate C,EVD-0015;EVD-FS-001;EVD-FS-002
VKM-024,Рис жасмин,2026-08-03,0.1.0-DRAFT,c6b22ad5f2812cc989a0d3593f40e21207da8f53,OPEN,BLOCK,SBL-VKM-024-01,S1_CRITICAL,raw_material_acceptance_and_SKU_evidence,Selected ingredient SKUs and primary manufacturer/supplier documents are absent,SKU list; labels/specifications; conformity and veterinary documents where applicable; lot/storage/transport data,"raw-material safety, allergens, shelf life and traceability cannot be confirmed",Procurement,collect and register dossier for every recipe ingredient,Gate B / before procurement and service,EVD-0012;EVD-0016;EVD-FS-001;EVD-FS-003;EVD-FS-007
VKM-024,Рис жасмин,2026-08-03,0.1.0-DRAFT,c6b22ad5f2812cc989a0d3593f40e21207da8f53,OPEN,BLOCK,SBL-VKM-024-02,S1_CRITICAL,allergens_and_cross_contact,"Direct draft-recipe allergens are identified, but Chef acceptance, compound-ingredient/SKU composition and site cross-contact validation are absent",Chef-accepted exact recipe/VSF version; SKU allergen declarations; shared equipment/flow map; cleaning validation,cannot issue final allergen information or declare any allergen absence,Chef; Procurement; Food Safety/PPK owner,"accept/revise locked recipe, complete recipe-to-SKU allergen review and validate cross-contact controls",Gate B / before consumer offering,EVD-0012;EVD-FS-002
VKM-024,Рис жасмин,2026-08-03,0.1.0-DRAFT,c6b22ad5f2812cc989a0d3593f40e21207da8f53,OPEN,BLOCK,SBL-VKM-024-03,S1_CRITICAL,critical_process_limits,Dish-specific thermal/cold/acidification/assembly process and validated limits are absent,final process; hazard analysis; applicable official/manufacturer limit; calibrated control-cook measurements,CCP/OPRP classification and safe release criteria cannot be approved,Food Safety/PPK owner; Chef; Operations,"perform hazard analysis and validation; document limits, monitoring and corrective actions",Gate B / Issue #38,EVD-0013;EVD-FS-001
VKM-024,Рис жасмин,2026-08-03,0.1.0-DRAFT,c6b22ad5f2812cc989a0d3593f40e21207da8f53,OPEN,BLOCK,SBL-VKM-024-04,S1_CRITICAL,storage_cooling_reheating_shelf_life,No supported dish-specific route or limit. Cooling: CONDITIONAL: applies if any component is prepared in advance; cooling route and limit require validation Reheating: CONDITIONAL: applies only to an approved make-ahead route; reheating route and limit require validation,Owner/Chef choice of immediate-service vs make-ahead/channel flow; manufacturer conditions; official applicability review; calibrated validation/testing for each applicable stage,"production planning, labels, delivery and service release are blocked",Owner; Chef; Food Safety/PPK owner; Operations,"approve the exact route, then establish and validate only applicable regimes without extrapolating unsupported values",Gate B / Owner-Chef-PPK Decision Gate,EVD-0014;EVD-FS-001;EVD-FS-003;EVD-FS-007
VKM-024,Рис жасмин,2026-08-03,0.1.0-DRAFT,c6b22ad5f2812cc989a0d3593f40e21207da8f53,OPEN,BLOCK,SBL-VKM-024-05,S2_MAJOR,labeling_and_traceability,Approved lot-to-portion traceability and consumer-information workflow is absent,approved form/workflow; responsibility matrix; mock trace test; channel packaging decision,batch cannot be reliably traced or released to delivery/takeaway channel,Food Safety/PPK owner; Operations; Owner,approve form and conduct traceability exercise for the dish/channel,Gate B / Gate C,EVD-0015;EVD-FS-001;EVD-FS-002
VKM-025,Горячие овощи,2026-08-03,0.1.0-DRAFT,c6b22ad5f2812cc989a0d3593f40e21207da8f53,OPEN,BLOCK,SBL-VKM-025-01,S1_CRITICAL,raw_material_acceptance_and_SKU_evidence,Selected ingredient SKUs and primary manufacturer/supplier documents are absent,SKU list; labels/specifications; conformity and veterinary documents where applicable; lot/storage/transport data,"raw-material safety, allergens, shelf life and traceability cannot be confirmed",Procurement,collect and register dossier for every recipe ingredient,Gate B / before procurement and service,EVD-0012;EVD-0016;EVD-FS-001;EVD-FS-003
VKM-025,Горячие овощи,2026-08-03,0.1.0-DRAFT,c6b22ad5f2812cc989a0d3593f40e21207da8f53,OPEN,BLOCK,SBL-VKM-025-02,S1_CRITICAL,allergens_and_cross_contact,"Direct draft-recipe allergens are identified, but Chef acceptance, compound-ingredient/SKU composition and site cross-contact validation are absent",Chef-accepted exact recipe/VSF version; SKU allergen declarations; shared equipment/flow map; cleaning validation,cannot issue final allergen information or declare any allergen absence,Chef; Procurement; Food Safety/PPK owner,"accept/revise locked recipe, complete recipe-to-SKU allergen review and validate cross-contact controls",Gate B / before consumer offering,EVD-0012;EVD-FS-002
VKM-025,Горячие овощи,2026-08-03,0.1.0-DRAFT,c6b22ad5f2812cc989a0d3593f40e21207da8f53,OPEN,BLOCK,SBL-VKM-025-03,S1_CRITICAL,critical_process_limits,Dish-specific thermal/cold/acidification/assembly process and validated limits are absent,final process; hazard analysis; applicable official/manufacturer limit; calibrated control-cook measurements,CCP/OPRP classification and safe release criteria cannot be approved,Food Safety/PPK owner; Chef; Operations,"perform hazard analysis and validation; document limits, monitoring and corrective actions",Gate B / Issue #38,EVD-0013;EVD-FS-001
VKM-025,Горячие овощи,2026-08-03,0.1.0-DRAFT,c6b22ad5f2812cc989a0d3593f40e21207da8f53,OPEN,BLOCK,SBL-VKM-025-04,S1_CRITICAL,storage_cooling_reheating_shelf_life,No supported dish-specific route or limit. Cooling: CONDITIONAL: applies if any component is prepared in advance; cooling route and limit require validation Reheating: CONDITIONAL: applies only to an approved make-ahead route; reheating route and limit require validation,Owner/Chef choice of immediate-service vs make-ahead/channel flow; manufacturer conditions; official applicability review; calibrated validation/testing for each applicable stage,"production planning, labels, delivery and service release are blocked",Owner; Chef; Food Safety/PPK owner; Operations,"approve the exact route, then establish and validate only applicable regimes without extrapolating unsupported values",Gate B / Owner-Chef-PPK Decision Gate,EVD-0014;EVD-FS-001;EVD-FS-003
VKM-025,Горячие овощи,2026-08-03,0.1.0-DRAFT,c6b22ad5f2812cc989a0d3593f40e21207da8f53,OPEN,BLOCK,SBL-VKM-025-05,S2_MAJOR,labeling_and_traceability,Approved lot-to-portion traceability and consumer-information workflow is absent,approved form/workflow; responsibility matrix; mock trace test; channel packaging decision,batch cannot be reliably traced or released to delivery/takeaway channel,Food Safety/PPK owner; Operations; Owner,approve form and conduct traceability exercise for the dish/channel,Gate B / Gate C,EVD-0015;EVD-FS-001;EVD-FS-002
VKM-029,Черничный торт VARSHAVKA,2026-08-03,0.1.0-DRAFT,c6b22ad5f2812cc989a0d3593f40e21207da8f53,OPEN,BLOCK,SBL-VKM-029-01,S1_CRITICAL,raw_material_acceptance_and_SKU_evidence,Selected ingredient SKUs and primary manufacturer/supplier documents are absent,SKU list; labels/specifications; conformity and veterinary documents where applicable; lot/storage/transport data,"raw-material safety, allergens, shelf life and traceability cannot be confirmed",Procurement,collect and register dossier for every recipe ingredient,Gate B / before procurement and service,EVD-0012;EVD-0016;EVD-FS-001;EVD-FS-003;EVD-FS-007
VKM-029,Черничный торт VARSHAVKA,2026-08-03,0.1.0-DRAFT,c6b22ad5f2812cc989a0d3593f40e21207da8f53,OPEN,BLOCK,SBL-VKM-029-02,S1_CRITICAL,allergens_and_cross_contact,"Direct draft-recipe allergens are identified, but Chef acceptance, compound-ingredient/SKU composition and site cross-contact validation are absent",Chef-accepted exact recipe/VSF version; SKU allergen declarations; shared equipment/flow map; cleaning validation,cannot issue final allergen information or declare any allergen absence,Chef; Procurement; Food Safety/PPK owner,"accept/revise locked recipe, complete recipe-to-SKU allergen review and validate cross-contact controls",Gate B / before consumer offering,EVD-0012;EVD-FS-002
VKM-029,Черничный торт VARSHAVKA,2026-08-03,0.1.0-DRAFT,c6b22ad5f2812cc989a0d3593f40e21207da8f53,OPEN,BLOCK,SBL-VKM-029-03,S1_CRITICAL,critical_process_limits,Dish-specific thermal/cold/acidification/assembly process and validated limits are absent,final process; hazard analysis; applicable official/manufacturer limit; calibrated control-cook measurements,CCP/OPRP classification and safe release criteria cannot be approved,Food Safety/PPK owner; Chef; Operations,"perform hazard analysis and validation; document limits, monitoring and corrective actions",Gate B / Issue #38,EVD-0013;EVD-FS-001
VKM-029,Черничный торт VARSHAVKA,2026-08-03,0.1.0-DRAFT,c6b22ad5f2812cc989a0d3593f40e21207da8f53,OPEN,BLOCK,SBL-VKM-029-04,S1_CRITICAL,storage_cooling_reheating_shelf_life,No supported dish-specific route or limit. Cooling: APPLICABLE_OR_COMPONENT_DEPENDENT: cooling/chilling route and limits require control-cook/site validation Reheating: NOT_PLANNED_IN_DRAFT: any reheating is a process change requiring review,Owner/Chef choice of immediate-service vs make-ahead/channel flow; manufacturer conditions; official applicability review; calibrated validation/testing for each applicable stage,"production planning, labels, delivery and service release are blocked",Owner; Chef; Food Safety/PPK owner; Operations,"approve the exact route, then establish and validate only applicable regimes without extrapolating unsupported values",Gate B / Owner-Chef-PPK Decision Gate,EVD-0014;EVD-FS-001;EVD-FS-003;EVD-FS-007
VKM-029,Черничный торт VARSHAVKA,2026-08-03,0.1.0-DRAFT,c6b22ad5f2812cc989a0d3593f40e21207da8f53,OPEN,BLOCK,SBL-VKM-029-05,S2_MAJOR,labeling_and_traceability,Approved lot-to-portion traceability and consumer-information workflow is absent,approved form/workflow; responsibility matrix; mock trace test; channel packaging decision,batch cannot be reliably traced or released to delivery/takeaway channel,Food Safety/PPK owner; Operations; Owner,approve form and conduct traceability exercise for the dish/channel,Gate B / Gate C,EVD-0015;EVD-FS-001;EVD-FS-002
VKM-030,Кростата с солёной карамелью,2026-08-03,0.1.0-DRAFT,c6b22ad5f2812cc989a0d3593f40e21207da8f53,OPEN,BLOCK,SBL-VKM-030-01,S1_CRITICAL,raw_material_acceptance_and_SKU_evidence,Selected ingredient SKUs and primary manufacturer/supplier documents are absent,SKU list; labels/specifications; conformity and veterinary documents where applicable; lot/storage/transport data,"raw-material safety, allergens, shelf life and traceability cannot be confirmed",Procurement,collect and register dossier for every recipe ingredient,Gate B / before procurement and service,EVD-0012;EVD-0016;EVD-FS-001;EVD-FS-003;EVD-FS-007
VKM-030,Кростата с солёной карамелью,2026-08-03,0.1.0-DRAFT,c6b22ad5f2812cc989a0d3593f40e21207da8f53,OPEN,BLOCK,SBL-VKM-030-02,S1_CRITICAL,allergens_and_cross_contact,"Direct draft-recipe allergens are identified, but Chef acceptance, compound-ingredient/SKU composition and site cross-contact validation are absent",Chef-accepted exact recipe/VSF version; SKU allergen declarations; shared equipment/flow map; cleaning validation,cannot issue final allergen information or declare any allergen absence,Chef; Procurement; Food Safety/PPK owner,"accept/revise locked recipe, complete recipe-to-SKU allergen review and validate cross-contact controls",Gate B / before consumer offering,EVD-0012;EVD-FS-002
VKM-030,Кростата с солёной карамелью,2026-08-03,0.1.0-DRAFT,c6b22ad5f2812cc989a0d3593f40e21207da8f53,OPEN,BLOCK,SBL-VKM-030-03,S1_CRITICAL,critical_process_limits,Dish-specific thermal/cold/acidification/assembly process and validated limits are absent,final process; hazard analysis; applicable official/manufacturer limit; calibrated control-cook measurements,CCP/OPRP classification and safe release criteria cannot be approved,Food Safety/PPK owner; Chef; Operations,"perform hazard analysis and validation; document limits, monitoring and corrective actions",Gate B / Issue #38,EVD-0013;EVD-FS-001
VKM-030,Кростата с солёной карамелью,2026-08-03,0.1.0-DRAFT,c6b22ad5f2812cc989a0d3593f40e21207da8f53,OPEN,BLOCK,SBL-VKM-030-04,S1_CRITICAL,storage_cooling_reheating_shelf_life,No supported dish-specific route or limit. Cooling: APPLICABLE_OR_COMPONENT_DEPENDENT: cooling/chilling route and limits require control-cook/site validation Reheating: NOT_PLANNED_IN_DRAFT: any reheating is a process change requiring review,Owner/Chef choice of immediate-service vs make-ahead/channel flow; manufacturer conditions; official applicability review; calibrated validation/testing for each applicable stage,"production planning, labels, delivery and service release are blocked",Owner; Chef; Food Safety/PPK owner; Operations,"approve the exact route, then establish and validate only applicable regimes without extrapolating unsupported values",Gate B / Owner-Chef-PPK Decision Gate,EVD-0014;EVD-FS-001;EVD-FS-003;EVD-FS-007
VKM-030,Кростата с солёной карамелью,2026-08-03,0.1.0-DRAFT,c6b22ad5f2812cc989a0d3593f40e21207da8f53,OPEN,BLOCK,SBL-VKM-030-05,S2_MAJOR,labeling_and_traceability,Approved lot-to-portion traceability and consumer-information workflow is absent,approved form/workflow; responsibility matrix; mock trace test; channel packaging decision,batch cannot be reliably traced or released to delivery/takeaway channel,Food Safety/PPK owner; Operations; Owner,approve form and conduct traceability exercise for the dish/channel,Gate B / Gate C,EVD-0015;EVD-FS-001;EVD-FS-002
VKM-031,Мадлен,2026-08-03,0.1.0-DRAFT,c6b22ad5f2812cc989a0d3593f40e21207da8f53,OPEN,BLOCK,SBL-VKM-031-01,S1_CRITICAL,raw_material_acceptance_and_SKU_evidence,Selected ingredient SKUs and primary manufacturer/supplier documents are absent,SKU list; labels/specifications; conformity and veterinary documents where applicable; lot/storage/transport data,"raw-material safety, allergens, shelf life and traceability cannot be confirmed",Procurement,collect and register dossier for every recipe ingredient,Gate B / before procurement and service,EVD-0012;EVD-0016;EVD-FS-001;EVD-FS-003;EVD-FS-007
VKM-031,Мадлен,2026-08-03,0.1.0-DRAFT,c6b22ad5f2812cc989a0d3593f40e21207da8f53,OPEN,BLOCK,SBL-VKM-031-02,S1_CRITICAL,allergens_and_cross_contact,"Direct draft-recipe allergens are identified, but Chef acceptance, compound-ingredient/SKU composition and site cross-contact validation are absent",Chef-accepted exact recipe/VSF version; SKU allergen declarations; shared equipment/flow map; cleaning validation,cannot issue final allergen information or declare any allergen absence,Chef; Procurement; Food Safety/PPK owner,"accept/revise locked recipe, complete recipe-to-SKU allergen review and validate cross-contact controls",Gate B / before consumer offering,EVD-0012;EVD-FS-002
VKM-031,Мадлен,2026-08-03,0.1.0-DRAFT,c6b22ad5f2812cc989a0d3593f40e21207da8f53,OPEN,BLOCK,SBL-VKM-031-03,S1_CRITICAL,critical_process_limits,Dish-specific thermal/cold/acidification/assembly process and validated limits are absent,final process; hazard analysis; applicable official/manufacturer limit; calibrated control-cook measurements,CCP/OPRP classification and safe release criteria cannot be approved,Food Safety/PPK owner; Chef; Operations,"perform hazard analysis and validation; document limits, monitoring and corrective actions",Gate B / Issue #38,EVD-0013;EVD-FS-001
VKM-031,Мадлен,2026-08-03,0.1.0-DRAFT,c6b22ad5f2812cc989a0d3593f40e21207da8f53,OPEN,BLOCK,SBL-VKM-031-04,S1_CRITICAL,storage_cooling_reheating_shelf_life,No supported dish-specific route or limit. Cooling: APPLICABLE_OR_COMPONENT_DEPENDENT: cooling/chilling route and limits require control-cook/site validation Reheating: NOT_PLANNED_IN_DRAFT: any reheating is a process change requiring review,Owner/Chef choice of immediate-service vs make-ahead/channel flow; manufacturer conditions; official applicability review; calibrated validation/testing for each applicable stage,"production planning, labels, delivery and service release are blocked",Owner; Chef; Food Safety/PPK owner; Operations,"approve the exact route, then establish and validate only applicable regimes without extrapolating unsupported values",Gate B / Owner-Chef-PPK Decision Gate,EVD-0014;EVD-FS-001;EVD-FS-003;EVD-FS-007
VKM-031,Мадлен,2026-08-03,0.1.0-DRAFT,c6b22ad5f2812cc989a0d3593f40e21207da8f53,OPEN,BLOCK,SBL-VKM-031-05,S2_MAJOR,labeling_and_traceability,Approved lot-to-portion traceability and consumer-information workflow is absent,approved form/workflow; responsibility matrix; mock trace test; channel packaging decision,batch cannot be reliably traced or released to delivery/takeaway channel,Food Safety/PPK owner; Operations; Owner,approve form and conduct traceability exercise for the dish/channel,Gate B / Gate C,EVD-0015;EVD-FS-001;EVD-FS-002
VKM-026,"Яичница, круассан и сыр двух видов",2026-08-04,PR81-DRAFT,PR81_HEAD_1e0722ad,OPEN,BLOCK,SBL-VKM-026-01,S1_CRITICAL,supplier_SKU_evidence,Primary evidence absent,Documents and/or physical validation,No safety approval may be inferred,FoodSafetyAgent / Procurement / Chef,Collect and validate evidence,Issue #38 / control cook,
VKM-026,"Яичница, круассан и сыр двух видов",2026-08-04,PR81-DRAFT,PR81_HEAD_1e0722ad,OPEN,BLOCK,SBL-VKM-026-02,S1_CRITICAL,shelf_life_temperature,Primary evidence absent,Documents and/or physical validation,No safety approval may be inferred,FoodSafetyAgent / Procurement / Chef,Collect and validate evidence,Issue #38 / control cook,
VKM-026,"Яичница, круассан и сыр двух видов",2026-08-04,PR81-DRAFT,PR81_HEAD_1e0722ad,OPEN,BLOCK,SBL-VKM-026-03,S2_MAJOR,cross_contact_hazard_analysis,Primary evidence absent,Documents and/or physical validation,No safety approval may be inferred,FoodSafetyAgent / Procurement / Chef,Collect and validate evidence,Issue #38 / control cook,
VKM-026,"Яичница, круассан и сыр двух видов",2026-08-04,PR81-DRAFT,PR81_HEAD_1e0722ad,OPEN,BLOCK,SBL-VKM-026-04,S2_MAJOR,traceability_lot_label_chain,Primary evidence absent,Documents and/or physical validation,No safety approval may be inferred,FoodSafetyAgent / Procurement / Chef,Collect and validate evidence,Issue #38 / control cook,
VKM-027,"Омлет, круассан и сыр двух видов",2026-08-04,PR81-DRAFT,PR81_HEAD_1e0722ad,OPEN,BLOCK,SBL-VKM-027-01,S1_CRITICAL,supplier_SKU_evidence,Primary evidence absent,Documents and/or physical validation,No safety approval may be inferred,FoodSafetyAgent / Procurement / Chef,Collect and validate evidence,Issue #38 / control cook,
VKM-027,"Омлет, круассан и сыр двух видов",2026-08-04,PR81-DRAFT,PR81_HEAD_1e0722ad,OPEN,BLOCK,SBL-VKM-027-02,S1_CRITICAL,shelf_life_temperature,Primary evidence absent,Documents and/or physical validation,No safety approval may be inferred,FoodSafetyAgent / Procurement / Chef,Collect and validate evidence,Issue #38 / control cook,
VKM-027,"Омлет, круассан и сыр двух видов",2026-08-04,PR81-DRAFT,PR81_HEAD_1e0722ad,OPEN,BLOCK,SBL-VKM-027-03,S2_MAJOR,cross_contact_hazard_analysis,Primary evidence absent,Documents and/or physical validation,No safety approval may be inferred,FoodSafetyAgent / Procurement / Chef,Collect and validate evidence,Issue #38 / control cook,
VKM-027,"Омлет, круассан и сыр двух видов",2026-08-04,PR81-DRAFT,PR81_HEAD_1e0722ad,OPEN,BLOCK,SBL-VKM-027-04,S2_MAJOR,traceability_lot_label_chain,Primary evidence absent,Documents and/or physical validation,No safety approval may be inferred,FoodSafetyAgent / Procurement / Chef,Collect and validate evidence,Issue #38 / control cook,
VKM-028,"Овсяная каша, круассан и сыр двух видов",2026-08-04,PR81-DRAFT,PR81_HEAD_1e0722ad,OPEN,BLOCK,SBL-VKM-028-01,S1_CRITICAL,supplier_SKU_evidence,Primary evidence absent,Documents and/or physical validation,No safety approval may be inferred,FoodSafetyAgent / Procurement / Chef,Collect and validate evidence,Issue #38 / control cook,
VKM-028,"Овсяная каша, круассан и сыр двух видов",2026-08-04,PR81-DRAFT,PR81_HEAD_1e0722ad,OPEN,BLOCK,SBL-VKM-028-02,S1_CRITICAL,shelf_life_temperature,Primary evidence absent,Documents and/or physical validation,No safety approval may be inferred,FoodSafetyAgent / Procurement / Chef,Collect and validate evidence,Issue #38 / control cook,
VKM-028,"Овсяная каша, круассан и сыр двух видов",2026-08-04,PR81-DRAFT,PR81_HEAD_1e0722ad,OPEN,BLOCK,SBL-VKM-028-03,S2_MAJOR,cross_contact_hazard_analysis,Primary evidence absent,Documents and/or physical validation,No safety approval may be inferred,FoodSafetyAgent / Procurement / Chef,Collect and validate evidence,Issue #38 / control cook,
VKM-028,"Овсяная каша, круассан и сыр двух видов",2026-08-04,PR81-DRAFT,PR81_HEAD_1e0722ad,OPEN,BLOCK,SBL-VKM-028-04,S2_MAJOR,traceability_lot_label_chain,Primary evidence absent,Documents and/or physical validation,No safety approval may be inferred,FoodSafetyAgent / Procurement / Chef,Collect and validate evidence,Issue #38 / control cook,
