vsf_code,semi_finished_name,recipe_version,canonical_batch_variant_id,batch_variant_count,batch_basis,batch_gross_qty,batch_net_qty,projected_batch_output,output_unit,linked_dish_codes,child_vsf_codes,reuse_candidate,card_status,parameter_status,evidence_ids,method_or_source_note,source_date,confirmation_owner,blocker_ids,safety_status,safety_blocker_ids,next_action,cost_per_output_rule,double_counting_rule,record_type,make_or_buy_status,graph_link_status
VSF-001,Тесто для пиццы базовое,0.1.0-DRAFT,VSF-001@VKM-001,4,"Chef draft source portion/batch; canonical is architecture reference, not approved production batch",238,238,213,г,VKM-001;VKM-002;VKM-003;VKM-004,null,Да,BLOCKED_PENDING_VALIDATION,ASSUMPTION,EVD-0009;EVD-0007;EVD-0008,Draft batch reconstructed only from Chef HOF-0002 quantities; factual yield not asserted; consuming-dish variants conflict and remain explicit pending Chef freeze,2026-08-03,Chef / SemiFinishedProductsAgent,GAP-006;GAP-010;GAP-011;GAP-SF-001,BLOCKED_PENDING_VALIDATION,GAP-010;GAP-011,"Chef freezes batch formula/output and variant decision; control cook weighs inputs, loss and output; FoodSafetyAgent re-reviews process and limits",For the mapping-selected variant: SUM(raw extended costs + child VSF quantity × accepted child cost/output) / projected batch output; factual costing waits for accepted prices and output,"At each parent include either CHILD_VSF cost or that child's raw lines, never both; top-level dish excludes flattened lines reassigned to a VSF",REAL_VSF_CANDIDATE,UNRESOLVED,SOURCE_DAG_CONTROLLED
VSF-002,Соус томатный для пиццы,0.1.0-DRAFT,VSF-002@VKM-001,4,"Chef draft source portion/batch; canonical is architecture reference, not approved production batch",83.2,83,80,г,VKM-001;VKM-002;VKM-003;VKM-004,null,Да,BLOCKED_PENDING_VALIDATION,ASSUMPTION,EVD-0009;EVD-0007;EVD-0008,Draft batch reconstructed only from Chef HOF-0002 quantities; factual yield not asserted; consuming-dish variants conflict and remain explicit pending Chef freeze,2026-08-03,Chef / SemiFinishedProductsAgent,GAP-006;GAP-010;GAP-011;GAP-SF-001,BLOCKED_PENDING_VALIDATION,GAP-010;GAP-011,"Chef freezes batch formula/output and variant decision; control cook weighs inputs, loss and output; FoodSafetyAgent re-reviews process and limits",For the mapping-selected variant: SUM(raw extended costs + child VSF quantity × accepted child cost/output) / projected batch output; factual costing waits for accepted prices and output,"At each parent include either CHILD_VSF cost or that child's raw lines, never both; top-level dish excludes flattened lines reassigned to a VSF",REAL_VSF_CANDIDATE,UNRESOLVED,SOURCE_DAG_CONTROLLED
VSF-003,Тесто чиабатты белой,0.1.0-DRAFT,VSF-003@BASE,1,"Chef draft source portion/batch; canonical is architecture reference, not approved production batch",111,111,100,г,VKM-005,null,Нет,DRAFT_WITH_ASSUMPTIONS,ASSUMPTION,EVD-0009;EVD-0007;EVD-0008,Draft batch reconstructed only from Chef HOF-0002 quantities; factual yield not asserted,2026-08-03,Chef / SemiFinishedProductsAgent,GAP-006;GAP-010;GAP-011,BLOCKED_PENDING_VALIDATION,GAP-010;GAP-011,"Chef freezes batch formula/output and variant decision; control cook weighs inputs, loss and output; FoodSafetyAgent re-reviews process and limits",For the mapping-selected variant: SUM(raw extended costs + child VSF quantity × accepted child cost/output) / projected batch output; factual costing waits for accepted prices and output,"At each parent include either CHILD_VSF cost or that child's raw lines, never both; top-level dish excludes flattened lines reassigned to a VSF",REAL_VSF_CANDIDATE,UNRESOLVED,SOURCE_DAG_CONTROLLED
VSF-004,Тесто чиабатты томатной,0.1.0-DRAFT,VSF-004@BASE,1,"Chef draft source portion/batch; canonical is architecture reference, not approved production batch",112,112,100,г,VKM-006,null,Нет,DRAFT_WITH_ASSUMPTIONS,ASSUMPTION,EVD-0009;EVD-0007;EVD-0008,Draft batch reconstructed only from Chef HOF-0002 quantities; factual yield not asserted,2026-08-03,Chef / SemiFinishedProductsAgent,GAP-006;GAP-010;GAP-011,BLOCKED_PENDING_VALIDATION,GAP-010;GAP-011,"Chef freezes batch formula/output and variant decision; control cook weighs inputs, loss and output; FoodSafetyAgent re-reviews process and limits",For the mapping-selected variant: SUM(raw extended costs + child VSF quantity × accepted child cost/output) / projected batch output; factual costing waits for accepted prices and output,"At each parent include either CHILD_VSF cost or that child's raw lines, never both; top-level dish excludes flattened lines reassigned to a VSF",REAL_VSF_CANDIDATE,UNRESOLVED,SOURCE_DAG_CONTROLLED
VSF-005,Тесто/заварка бородинского хлеба,0.1.0-DRAFT,VSF-005@BASE,1,"Chef draft source portion/batch; canonical is architecture reference, not approved production batch",395,395,350,г,VKM-007,null,Нет,DRAFT_WITH_ASSUMPTIONS,ASSUMPTION,EVD-0009;EVD-0007;EVD-0008,Draft batch reconstructed only from Chef HOF-0002 quantities; factual yield not asserted,2026-08-03,Chef / SemiFinishedProductsAgent,GAP-006;GAP-010;GAP-011,BLOCKED_PENDING_VALIDATION,GAP-010;GAP-011,"Chef freezes batch formula/output and variant decision; control cook weighs inputs, loss and output; FoodSafetyAgent re-reviews process and limits",For the mapping-selected variant: SUM(raw extended costs + child VSF quantity × accepted child cost/output) / projected batch output; factual costing waits for accepted prices and output,"At each parent include either CHILD_VSF cost or that child's raw lines, never both; top-level dish excludes flattened lines reassigned to a VSF",REAL_VSF_CANDIDATE,UNRESOLVED,SOURCE_DAG_CONTROLLED
VSF-006,Тесто бриоши,0.1.0-DRAFT,VSF-006@BASE,1,"Chef draft source portion/batch; canonical is architecture reference, not approved production batch",90,90,85,г,VKM-008;VKM-021,null,Да,DRAFT_WITH_ASSUMPTIONS,ASSUMPTION,EVD-0009;EVD-0007;EVD-0008,Draft batch reconstructed only from Chef HOF-0002 quantities; factual yield not asserted; special mapping is documented in SEMI_FINISHED_MAPPING.csv,2026-08-03,Chef / SemiFinishedProductsAgent,GAP-006;GAP-010;GAP-011,BLOCKED_PENDING_VALIDATION,GAP-010;GAP-011,"Chef freezes batch formula/output and variant decision; control cook weighs inputs, loss and output; FoodSafetyAgent re-reviews process and limits",For the mapping-selected variant: SUM(raw extended costs + child VSF quantity × accepted child cost/output) / projected batch output; factual costing waits for accepted prices and output,"At each parent include either CHILD_VSF cost or that child's raw lines, never both; top-level dish excludes flattened lines reassigned to a VSF",REAL_VSF_CANDIDATE,UNRESOLVED,SOURCE_DAG_CONTROLLED
VSF-007,Заправка к буррате,0.1.0-DRAFT,VSF-007@BASE,1,"Chef draft source portion/batch; canonical is architecture reference, not approved production batch",30,30,30,г,VKM-009,null,Нет,DRAFT_WITH_ASSUMPTIONS,ASSUMPTION,EVD-0009;EVD-0007;EVD-0008,Draft batch reconstructed only from Chef HOF-0002 quantities; factual yield not asserted,2026-08-03,Chef / SemiFinishedProductsAgent,GAP-006;GAP-010;GAP-011,BLOCKED_PENDING_VALIDATION,GAP-010;GAP-011,"Chef freezes batch formula/output and variant decision; control cook weighs inputs, loss and output; FoodSafetyAgent re-reviews process and limits",For the mapping-selected variant: SUM(raw extended costs + child VSF quantity × accepted child cost/output) / projected batch output; factual costing waits for accepted prices and output,"At each parent include either CHILD_VSF cost or that child's raw lines, never both; top-level dish excludes flattened lines reassigned to a VSF",REAL_VSF_CANDIDATE,UNRESOLVED,SOURCE_DAG_CONTROLLED
VSF-008,Заправка к салату с креветками,0.1.0-DRAFT,VSF-008@BASE,1,"Chef draft source portion/batch; canonical is architecture reference, not approved production batch",22,20,20,г,VKM-010,null,Нет,DRAFT_WITH_ASSUMPTIONS,ASSUMPTION,EVD-0009;EVD-0007;EVD-0008,Draft batch reconstructed only from Chef HOF-0002 quantities; factual yield not asserted,2026-08-03,Chef / SemiFinishedProductsAgent,GAP-006;GAP-010;GAP-011,BLOCKED_PENDING_VALIDATION,GAP-010;GAP-011,"Chef freezes batch formula/output and variant decision; control cook weighs inputs, loss and output; FoodSafetyAgent re-reviews process and limits",For the mapping-selected variant: SUM(raw extended costs + child VSF quantity × accepted child cost/output) / projected batch output; factual costing waits for accepted prices and output,"At each parent include either CHILD_VSF cost or that child's raw lines, never both; top-level dish excludes flattened lines reassigned to a VSF",REAL_VSF_CANDIDATE,UNRESOLVED,SOURCE_DAG_CONTROLLED
VSF-009,Заправка греческая,0.1.0-DRAFT,VSF-009@BASE,1,"Chef draft source portion/batch; canonical is architecture reference, not approved production batch",11,10,10,г,VKM-011,null,Нет,DRAFT_WITH_ASSUMPTIONS,ASSUMPTION,EVD-0009;EVD-0007;EVD-0008,Draft batch reconstructed only from Chef HOF-0002 quantities; factual yield not asserted,2026-08-03,Chef / SemiFinishedProductsAgent,GAP-006;GAP-010;GAP-011,BLOCKED_PENDING_VALIDATION,GAP-010;GAP-011,"Chef freezes batch formula/output and variant decision; control cook weighs inputs, loss and output; FoodSafetyAgent re-reviews process and limits",For the mapping-selected variant: SUM(raw extended costs + child VSF quantity × accepted child cost/output) / projected batch output; factual costing waits for accepted prices and output,"At each parent include either CHILD_VSF cost or that child's raw lines, never both; top-level dish excludes flattened lines reassigned to a VSF",REAL_VSF_CANDIDATE,UNRESOLVED,SOURCE_DAG_CONTROLLED
VSF-010,Отварные овощи для винегрета,0.1.0-DRAFT,VSF-010@BASE,1,"Chef draft source portion/batch; canonical is architecture reference, not approved production batch",198,180,160,г,VKM-012,null,Нет,DRAFT_WITH_ASSUMPTIONS,ASSUMPTION,EVD-0009;EVD-0007;EVD-0008,Draft batch reconstructed only from Chef HOF-0002 quantities; factual yield not asserted,2026-08-03,Chef / SemiFinishedProductsAgent,GAP-006;GAP-010;GAP-011,BLOCKED_PENDING_VALIDATION,GAP-010;GAP-011,"Chef freezes batch formula/output and variant decision; control cook weighs inputs, loss and output; FoodSafetyAgent re-reviews process and limits",For the mapping-selected variant: SUM(raw extended costs + child VSF quantity × accepted child cost/output) / projected batch output; factual costing waits for accepted prices and output,"At each parent include either CHILD_VSF cost or that child's raw lines, never both; top-level dish excludes flattened lines reassigned to a VSF",REAL_VSF_CANDIDATE,UNRESOLVED,SOURCE_DAG_CONTROLLED
VSF-011,Картофель запечённый для закуски,0.1.0-DRAFT,VSF-011@VKM-023,1,"Chef draft source portion/batch; canonical is architecture reference, not approved production batch",185,165,150,г,VKM-014;VKM-023,null,Да,DRAFT_WITH_ASSUMPTIONS,ASSUMPTION,EVD-0009;EVD-0007;EVD-0008,Draft batch reconstructed only from Chef HOF-0002 quantities; factual yield not asserted; production recipe sourced from VKM-023 and mapped to VKM-014 consumption; special mapping is documented in SEMI_FINISHED_MAPPING.csv,2026-08-03,Chef / SemiFinishedProductsAgent,GAP-006;GAP-010;GAP-011,BLOCKED_PENDING_VALIDATION,GAP-010;GAP-011,"Chef freezes batch formula/output and variant decision; control cook weighs inputs, loss and output; FoodSafetyAgent re-reviews process and limits",For the mapping-selected variant: SUM(raw extended costs + child VSF quantity × accepted child cost/output) / projected batch output; factual costing waits for accepted prices and output,"At each parent include either CHILD_VSF cost or that child's raw lines, never both; top-level dish excludes flattened lines reassigned to a VSF",REAL_VSF_CANDIDATE,UNRESOLVED,SOURCE_DAG_CONTROLLED
VSF-012,Маринад оливок,0.1.0-DRAFT,VSF-012@BASE,1,"Chef draft source portion/batch; canonical is architecture reference, not approved production batch",22.3,20,20,г,VKM-015,null,Нет,DRAFT_WITH_ASSUMPTIONS,ASSUMPTION,EVD-0009;EVD-0007;EVD-0008,Draft batch reconstructed only from Chef HOF-0002 quantities; factual yield not asserted,2026-08-03,Chef / SemiFinishedProductsAgent,GAP-006;GAP-010;GAP-011,BLOCKED_PENDING_VALIDATION,GAP-010;GAP-011,"Chef freezes batch formula/output and variant decision; control cook weighs inputs, loss and output; FoodSafetyAgent re-reviews process and limits",For the mapping-selected variant: SUM(raw extended costs + child VSF quantity × accepted child cost/output) / projected batch output; factual costing waits for accepted prices and output,"At each parent include either CHILD_VSF cost or that child's raw lines, never both; top-level dish excludes flattened lines reassigned to a VSF",REAL_VSF_CANDIDATE,UNRESOLVED,SOURCE_DAG_CONTROLLED
VSF-013,Быстрый маринад для солений,0.1.0-DRAFT,VSF-013@BASE,1,"Chef draft source portion/batch; canonical is architecture reference, not approved production batch",20,20,20,г,VKM-016,null,Нет,DRAFT_WITH_ASSUMPTIONS,ASSUMPTION,EVD-0009;EVD-0007;EVD-0008,Draft batch reconstructed only from Chef HOF-0002 quantities; factual yield not asserted; special mapping is documented in SEMI_FINISHED_MAPPING.csv,2026-08-03,Chef / SemiFinishedProductsAgent,GAP-006;GAP-010;GAP-011,BLOCKED_PENDING_VALIDATION,GAP-010;GAP-011,"Chef freezes batch formula/output and variant decision; control cook weighs inputs, loss and output; FoodSafetyAgent re-reviews process and limits",For the mapping-selected variant: SUM(raw extended costs + child VSF quantity × accepted child cost/output) / projected batch output; factual costing waits for accepted prices and output,"At each parent include either CHILD_VSF cost or that child's raw lines, never both; top-level dish excludes flattened lines reassigned to a VSF",REAL_VSF_CANDIDATE,UNRESOLVED,SOURCE_DAG_CONTROLLED
VSF-014,Ассорти быстрых солений,0.1.0-DRAFT,VSF-014@BASE,1,"Chef draft source portion/batch; canonical is architecture reference, not approved production batch",206,185,180,г,VKM-016,VSF-013,Нет,DRAFT_WITH_ASSUMPTIONS,ASSUMPTION,EVD-0009;EVD-0007;EVD-0008,Draft batch reconstructed only from Chef HOF-0002 quantities; factual yield not asserted; VSF-013 is a nested child and is excluded from direct dish costing; special mapping is documented in SEMI_FINISHED_MAPPING.csv,2026-08-03,Chef / SemiFinishedProductsAgent,GAP-006;GAP-010;GAP-011,BLOCKED_PENDING_VALIDATION,GAP-010;GAP-011,"Chef freezes batch formula/output and variant decision; control cook weighs inputs, loss and output; FoodSafetyAgent re-reviews process and limits",For the mapping-selected variant: SUM(raw extended costs + child VSF quantity × accepted child cost/output) / projected batch output; factual costing waits for accepted prices and output,"At each parent include either CHILD_VSF cost or that child's raw lines, never both; top-level dish excludes flattened lines reassigned to a VSF",REAL_VSF_CANDIDATE,UNRESOLVED,SOURCE_DAG_CONTROLLED
VSF-015,Гренка,0.1.0-DRAFT,VSF-015@BASE,1,"Chef draft source portion/batch; canonical is architecture reference, not approved production batch",37,35,33,г,VKM-017,null,Нет,DRAFT_WITH_ASSUMPTIONS,ASSUMPTION,EVD-0009;EVD-0007;EVD-0008,Draft batch reconstructed only from Chef HOF-0002 quantities; factual yield not asserted,2026-08-03,Chef / SemiFinishedProductsAgent,GAP-006;GAP-010;GAP-011,BLOCKED_PENDING_VALIDATION,GAP-010;GAP-011,"Chef freezes batch formula/output and variant decision; control cook weighs inputs, loss and output; FoodSafetyAgent re-reviews process and limits",For the mapping-selected variant: SUM(raw extended costs + child VSF quantity × accepted child cost/output) / projected batch output; factual costing waits for accepted prices and output,"At each parent include either CHILD_VSF cost or that child's raw lines, never both; top-level dish excludes flattened lines reassigned to a VSF",REAL_VSF_CANDIDATE,UNRESOLVED,SOURCE_DAG_CONTROLLED
VSF-016,Соус к ростбифу,0.1.0-DRAFT,VSF-016@BASE,1,"Chef draft source portion/batch; canonical is architecture reference, not approved production batch",15,15,15,г,VKM-017,null,Нет,DRAFT_WITH_ASSUMPTIONS,ASSUMPTION,EVD-0009;EVD-0007;EVD-0008,Draft batch reconstructed only from Chef HOF-0002 quantities; factual yield not asserted,2026-08-03,Chef / SemiFinishedProductsAgent,GAP-006;GAP-010;GAP-011,BLOCKED_PENDING_VALIDATION,GAP-010;GAP-011,"Chef freezes batch formula/output and variant decision; control cook weighs inputs, loss and output; FoodSafetyAgent re-reviews process and limits",For the mapping-selected variant: SUM(raw extended costs + child VSF quantity × accepted child cost/output) / projected batch output; factual costing waits for accepted prices and output,"At each parent include either CHILD_VSF cost or that child's raw lines, never both; top-level dish excludes flattened lines reassigned to a VSF",REAL_VSF_CANDIDATE,UNRESOLVED,SOURCE_DAG_CONTROLLED
VSF-017,Бульон мясной,0.1.0-DRAFT,VSF-017@BASE,1,"Chef draft source portion/batch; canonical is architecture reference, not approved production batch",160,160,145,г,VKM-018,null,Да,BLOCKED_PENDING_VALIDATION,ASSUMPTION,EVD-0009;EVD-0007;EVD-0008,"Draft batch reconstructed only from Chef HOF-0002 quantities; factual yield not asserted; source is an undecomposed prepared input, not a complete production formula",2026-08-03,Chef / SemiFinishedProductsAgent,GAP-006;GAP-010;GAP-011;GAP-SF-002,BLOCKED_PENDING_VALIDATION,GAP-010;GAP-011,"Chef freezes batch formula/output and variant decision; control cook weighs inputs, loss and output; FoodSafetyAgent re-reviews process and limits",For the mapping-selected variant: SUM(raw extended costs + child VSF quantity × accepted child cost/output) / projected batch output; factual costing waits for accepted prices and output,"At each parent include either CHILD_VSF cost or that child's raw lines, never both; top-level dish excludes flattened lines reassigned to a VSF",REAL_VSF_CANDIDATE,UNRESOLVED,SOURCE_DAG_CONTROLLED
VSF-018,Пассеровка свекольная,0.1.0-DRAFT,VSF-018@BASE,1,"Chef draft source portion/batch; canonical is architecture reference, not approved production batch",131,119,105,г,VKM-018,null,Нет,DRAFT_WITH_ASSUMPTIONS,ASSUMPTION,EVD-0009;EVD-0007;EVD-0008,Draft batch reconstructed only from Chef HOF-0002 quantities; factual yield not asserted,2026-08-03,Chef / SemiFinishedProductsAgent,GAP-006;GAP-010;GAP-011,BLOCKED_PENDING_VALIDATION,GAP-010;GAP-011,"Chef freezes batch formula/output and variant decision; control cook weighs inputs, loss and output; FoodSafetyAgent re-reviews process and limits",For the mapping-selected variant: SUM(raw extended costs + child VSF quantity × accepted child cost/output) / projected batch output; factual costing waits for accepted prices and output,"At each parent include either CHILD_VSF cost or that child's raw lines, never both; top-level dish excludes flattened lines reassigned to a VSF",REAL_VSF_CANDIDATE,UNRESOLVED,SOURCE_DAG_CONTROLLED
VSF-019,Соус сливочно-горчичный,0.1.0-DRAFT,VSF-019@BASE,1,"Chef draft source portion/batch; canonical is architecture reference, not approved production batch",90,90,85,г,VKM-019,null,Возможно,DRAFT_WITH_ASSUMPTIONS,ASSUMPTION,EVD-0009;EVD-0007;EVD-0008,Draft batch reconstructed only from Chef HOF-0002 quantities; factual yield not asserted,2026-08-03,Chef / SemiFinishedProductsAgent,GAP-006;GAP-010;GAP-011,BLOCKED_PENDING_VALIDATION,GAP-010;GAP-011,"Chef freezes batch formula/output and variant decision; control cook weighs inputs, loss and output; FoodSafetyAgent re-reviews process and limits",For the mapping-selected variant: SUM(raw extended costs + child VSF quantity × accepted child cost/output) / projected batch output; factual costing waits for accepted prices and output,"At each parent include either CHILD_VSF cost or that child's raw lines, never both; top-level dish excludes flattened lines reassigned to a VSF",REAL_VSF_CANDIDATE,UNRESOLVED,SOURCE_DAG_CONTROLLED
VSF-020,Соус кокосовый тайский,0.1.0-DRAFT,VSF-020@BASE,1,"Chef draft source portion/batch; canonical is architecture reference, not approved production batch",129,129,120,г,VKM-020,null,Возможно,DRAFT_WITH_ASSUMPTIONS,ASSUMPTION,EVD-0009;EVD-0007;EVD-0008,Draft batch reconstructed only from Chef HOF-0002 quantities; factual yield not asserted,2026-08-03,Chef / SemiFinishedProductsAgent,GAP-006;GAP-010;GAP-011,BLOCKED_PENDING_VALIDATION,GAP-010;GAP-011,"Chef freezes batch formula/output and variant decision; control cook weighs inputs, loss and output; FoodSafetyAgent re-reviews process and limits",For the mapping-selected variant: SUM(raw extended costs + child VSF quantity × accepted child cost/output) / projected batch output; factual costing waits for accepted prices and output,"At each parent include either CHILD_VSF cost or that child's raw lines, never both; top-level dish excludes flattened lines reassigned to a VSF",REAL_VSF_CANDIDATE,UNRESOLVED,SOURCE_DAG_CONTROLLED
VSF-021,Котлета для бургера,0.1.0-DRAFT,VSF-021@BASE,1,"Chef draft source portion/batch; canonical is architecture reference, not approved production batch",180,170,150,г,VKM-021,null,Нет,DRAFT_WITH_ASSUMPTIONS,ASSUMPTION,EVD-0009;EVD-0007;EVD-0008,Draft batch reconstructed only from Chef HOF-0002 quantities; factual yield not asserted,2026-08-03,Chef / SemiFinishedProductsAgent,GAP-006;GAP-010;GAP-011,BLOCKED_PENDING_VALIDATION,GAP-010;GAP-011,"Chef freezes batch formula/output and variant decision; control cook weighs inputs, loss and output; FoodSafetyAgent re-reviews process and limits",For the mapping-selected variant: SUM(raw extended costs + child VSF quantity × accepted child cost/output) / projected batch output; factual costing waits for accepted prices and output,"At each parent include either CHILD_VSF cost or that child's raw lines, never both; top-level dish excludes flattened lines reassigned to a VSF",REAL_VSF_CANDIDATE,UNRESOLVED,SOURCE_DAG_CONTROLLED
VSF-022,Соус для бургера,0.1.0-DRAFT,VSF-022@BASE,1,"Chef draft source portion/batch; canonical is architecture reference, not approved production batch",25,25,25,г,VKM-021,null,Возможно,DRAFT_WITH_ASSUMPTIONS,ASSUMPTION,EVD-0009;EVD-0007;EVD-0008,Draft batch reconstructed only from Chef HOF-0002 quantities; factual yield not asserted,2026-08-03,Chef / SemiFinishedProductsAgent,GAP-006;GAP-010;GAP-011,BLOCKED_PENDING_VALIDATION,GAP-010;GAP-011,"Chef freezes batch formula/output and variant decision; control cook weighs inputs, loss and output; FoodSafetyAgent re-reviews process and limits",For the mapping-selected variant: SUM(raw extended costs + child VSF quantity × accepted child cost/output) / projected batch output; factual costing waits for accepted prices and output,"At each parent include either CHILD_VSF cost or that child's raw lines, never both; top-level dish excludes flattened lines reassigned to a VSF",REAL_VSF_CANDIDATE,UNRESOLVED,SOURCE_DAG_CONTROLLED
VSF-023,Миньоны порционные,0.1.0-DRAFT,VSF-023@BASE,1,"Chef draft source portion/batch; canonical is architecture reference, not approved production batch",255,240,220,г,VKM-022,null,Нет,DRAFT_WITH_ASSUMPTIONS,ASSUMPTION,EVD-0009;EVD-0007;EVD-0008,Draft batch reconstructed only from Chef HOF-0002 quantities; factual yield not asserted,2026-08-03,Chef / SemiFinishedProductsAgent,GAP-006;GAP-010;GAP-011,BLOCKED_PENDING_VALIDATION,GAP-010;GAP-011,"Chef freezes batch formula/output and variant decision; control cook weighs inputs, loss and output; FoodSafetyAgent re-reviews process and limits",For the mapping-selected variant: SUM(raw extended costs + child VSF quantity × accepted child cost/output) / projected batch output; factual costing waits for accepted prices and output,"At each parent include either CHILD_VSF cost or that child's raw lines, never both; top-level dish excludes flattened lines reassigned to a VSF",REAL_VSF_CANDIDATE,UNRESOLVED,SOURCE_DAG_CONTROLLED
VSF-024,Соус к миньонам,0.1.0-DRAFT,VSF-024@BASE,1,"Chef draft source portion/batch; canonical is architecture reference, not approved production batch",45,45,40,г,VKM-022,null,Возможно,DRAFT_WITH_ASSUMPTIONS,ASSUMPTION,EVD-0009;EVD-0007;EVD-0008,Draft batch reconstructed only from Chef HOF-0002 quantities; factual yield not asserted,2026-08-03,Chef / SemiFinishedProductsAgent,GAP-006;GAP-010;GAP-011,BLOCKED_PENDING_VALIDATION,GAP-010;GAP-011,"Chef freezes batch formula/output and variant decision; control cook weighs inputs, loss and output; FoodSafetyAgent re-reviews process and limits",For the mapping-selected variant: SUM(raw extended costs + child VSF quantity × accepted child cost/output) / projected batch output; factual costing waits for accepted prices and output,"At each parent include either CHILD_VSF cost or that child's raw lines, never both; top-level dish excludes flattened lines reassigned to a VSF",REAL_VSF_CANDIDATE,UNRESOLVED,SOURCE_DAG_CONTROLLED
VSF-025,Рис жасмин варёный,0.1.0-DRAFT,VSF-025@BASE,1,"Chef draft source portion/batch; canonical is architecture reference, not approved production batch",175,175,138,г,VKM-024,null,Нет,DRAFT_WITH_ASSUMPTIONS,ASSUMPTION,EVD-0009;EVD-0007;EVD-0008,Draft batch reconstructed only from Chef HOF-0002 quantities; factual yield not asserted,2026-08-03,Chef / SemiFinishedProductsAgent,GAP-006;GAP-010;GAP-011,BLOCKED_PENDING_VALIDATION,GAP-010;GAP-011,"Chef freezes batch formula/output and variant decision; control cook weighs inputs, loss and output; FoodSafetyAgent re-reviews process and limits",For the mapping-selected variant: SUM(raw extended costs + child VSF quantity × accepted child cost/output) / projected batch output; factual costing waits for accepted prices and output,"At each parent include either CHILD_VSF cost or that child's raw lines, never both; top-level dish excludes flattened lines reassigned to a VSF",REAL_VSF_CANDIDATE,UNRESOLVED,SOURCE_DAG_CONTROLLED
VSF-026,Овощная смесь подготовленная,0.1.0-DRAFT,VSF-026@BASE,1,"Chef draft source portion/batch; canonical is architecture reference, not approved production batch",157,142,130,г,VKM-025,null,Нет,DRAFT_WITH_ASSUMPTIONS,ASSUMPTION,EVD-0009;EVD-0007;EVD-0008,Draft batch reconstructed only from Chef HOF-0002 quantities; factual yield not asserted,2026-08-03,Chef / SemiFinishedProductsAgent,GAP-006;GAP-010;GAP-011,BLOCKED_PENDING_VALIDATION,GAP-010;GAP-011,"Chef freezes batch formula/output and variant decision; control cook weighs inputs, loss and output; FoodSafetyAgent re-reviews process and limits",For the mapping-selected variant: SUM(raw extended costs + child VSF quantity × accepted child cost/output) / projected batch output; factual costing waits for accepted prices and output,"At each parent include either CHILD_VSF cost or that child's raw lines, never both; top-level dish excludes flattened lines reassigned to a VSF",REAL_VSF_CANDIDATE,UNRESOLVED,SOURCE_DAG_CONTROLLED
VSF-027,Бисквит черничного торта,0.1.0-DRAFT,VSF-027@BASE,1,"Chef draft source portion/batch; canonical is architecture reference, not approved production batch",622,622,607,г,VKM-029,null,Нет,DRAFT_WITH_ASSUMPTIONS,ASSUMPTION,EVD-0009;EVD-0007;EVD-0008,Draft batch reconstructed only from Chef HOF-0002 quantities; factual yield not asserted,2026-08-03,Chef / SemiFinishedProductsAgent,GAP-006;GAP-010;GAP-011,BLOCKED_PENDING_VALIDATION,GAP-010;GAP-011,"Chef freezes batch formula/output and variant decision; control cook weighs inputs, loss and output; FoodSafetyAgent re-reviews process and limits",For the mapping-selected variant: SUM(raw extended costs + child VSF quantity × accepted child cost/output) / projected batch output; factual costing waits for accepted prices and output,"At each parent include either CHILD_VSF cost or that child's raw lines, never both; top-level dish excludes flattened lines reassigned to a VSF",REAL_VSF_CANDIDATE,UNRESOLVED,SOURCE_DAG_CONTROLLED
VSF-028,Черничный крем,0.1.0-DRAFT,VSF-028@BASE,1,"Chef draft source portion/batch; canonical is architecture reference, not approved production batch",730,715,700,г,VKM-029,null,Нет,DRAFT_WITH_ASSUMPTIONS,ASSUMPTION,EVD-0009;EVD-0007;EVD-0008,Draft batch reconstructed only from Chef HOF-0002 quantities; factual yield not asserted,2026-08-03,Chef / SemiFinishedProductsAgent,GAP-006;GAP-010;GAP-011,BLOCKED_PENDING_VALIDATION,GAP-010;GAP-011,"Chef freezes batch formula/output and variant decision; control cook weighs inputs, loss and output; FoodSafetyAgent re-reviews process and limits",For the mapping-selected variant: SUM(raw extended costs + child VSF quantity × accepted child cost/output) / projected batch output; factual costing waits for accepted prices and output,"At each parent include either CHILD_VSF cost or that child's raw lines, never both; top-level dish excludes flattened lines reassigned to a VSF",REAL_VSF_CANDIDATE,UNRESOLVED,SOURCE_DAG_CONTROLLED
VSF-029,Черничное компоте,0.1.0-DRAFT,VSF-029@BASE,1,"Chef draft source portion/batch; canonical is architecture reference, not approved production batch",330,320,300,г,VKM-029,null,Возможно,DRAFT_WITH_ASSUMPTIONS,ASSUMPTION,EVD-0009;EVD-0007;EVD-0008,Draft batch reconstructed only from Chef HOF-0002 quantities; factual yield not asserted,2026-08-03,Chef / SemiFinishedProductsAgent,GAP-006;GAP-010;GAP-011,BLOCKED_PENDING_VALIDATION,GAP-010;GAP-011,"Chef freezes batch formula/output and variant decision; control cook weighs inputs, loss and output; FoodSafetyAgent re-reviews process and limits",For the mapping-selected variant: SUM(raw extended costs + child VSF quantity × accepted child cost/output) / projected batch output; factual costing waits for accepted prices and output,"At each parent include either CHILD_VSF cost or that child's raw lines, never both; top-level dish excludes flattened lines reassigned to a VSF",REAL_VSF_CANDIDATE,UNRESOLVED,SOURCE_DAG_CONTROLLED
VSF-030,Глазурь торта,0.1.0-DRAFT,VSF-030@BASE,1,"Chef draft source portion/batch; canonical is architecture reference, not approved production batch",150,150,150,г,VKM-029,null,Возможно,BLOCKED_PENDING_VALIDATION,ASSUMPTION,EVD-0009;EVD-0007;EVD-0008,"Draft batch reconstructed only from Chef HOF-0002 quantities; factual yield not asserted; source is an undecomposed prepared input, not a complete production formula",2026-08-03,Chef / SemiFinishedProductsAgent,GAP-006;GAP-010;GAP-011;GAP-SF-002,BLOCKED_PENDING_VALIDATION,GAP-010;GAP-011,"Chef freezes batch formula/output and variant decision; control cook weighs inputs, loss and output; FoodSafetyAgent re-reviews process and limits",For the mapping-selected variant: SUM(raw extended costs + child VSF quantity × accepted child cost/output) / projected batch output; factual costing waits for accepted prices and output,"At each parent include either CHILD_VSF cost or that child's raw lines, never both; top-level dish excludes flattened lines reassigned to a VSF",REAL_VSF_CANDIDATE,UNRESOLVED,SOURCE_DAG_CONTROLLED
VSF-031,Песочное тесто кростаты,0.1.0-DRAFT,VSF-031@BASE,1,"Chef draft source portion/batch; canonical is architecture reference, not approved production batch",610,610,600,г,VKM-030,null,Возможно,DRAFT_WITH_ASSUMPTIONS,ASSUMPTION,EVD-0009;EVD-0007;EVD-0008,Draft batch reconstructed only from Chef HOF-0002 quantities; factual yield not asserted,2026-08-03,Chef / SemiFinishedProductsAgent,GAP-006;GAP-010;GAP-011,BLOCKED_PENDING_VALIDATION,GAP-010;GAP-011,"Chef freezes batch formula/output and variant decision; control cook weighs inputs, loss and output; FoodSafetyAgent re-reviews process and limits",For the mapping-selected variant: SUM(raw extended costs + child VSF quantity × accepted child cost/output) / projected batch output; factual costing waits for accepted prices and output,"At each parent include either CHILD_VSF cost or that child's raw lines, never both; top-level dish excludes flattened lines reassigned to a VSF",REAL_VSF_CANDIDATE,UNRESOLVED,SOURCE_DAG_CONTROLLED
VSF-032,Солёная карамель,0.1.0-DRAFT,VSF-032@BASE,1,"Chef draft source portion/batch; canonical is architecture reference, not approved production batch",355,355,350,г,VKM-030,null,Да,DRAFT_WITH_ASSUMPTIONS,ASSUMPTION,EVD-0009;EVD-0007;EVD-0008,Draft batch reconstructed only from Chef HOF-0002 quantities; factual yield not asserted,2026-08-03,Chef / SemiFinishedProductsAgent,GAP-006;GAP-010;GAP-011,BLOCKED_PENDING_VALIDATION,GAP-010;GAP-011,"Chef freezes batch formula/output and variant decision; control cook weighs inputs, loss and output; FoodSafetyAgent re-reviews process and limits",For the mapping-selected variant: SUM(raw extended costs + child VSF quantity × accepted child cost/output) / projected batch output; factual costing waits for accepted prices and output,"At each parent include either CHILD_VSF cost or that child's raw lines, never both; top-level dish excludes flattened lines reassigned to a VSF",REAL_VSF_CANDIDATE,UNRESOLVED,SOURCE_DAG_CONTROLLED
VSF-033,Крем кростаты,0.1.0-DRAFT,VSF-033@BASE,1,"Chef draft source portion/batch; canonical is architecture reference, not approved production batch",200,200,200,г,VKM-030,null,Возможно,DRAFT_WITH_ASSUMPTIONS,ASSUMPTION,EVD-0009;EVD-0007;EVD-0008,Draft batch reconstructed only from Chef HOF-0002 quantities; factual yield not asserted,2026-08-03,Chef / SemiFinishedProductsAgent,GAP-006;GAP-010;GAP-011,BLOCKED_PENDING_VALIDATION,GAP-010;GAP-011,"Chef freezes batch formula/output and variant decision; control cook weighs inputs, loss and output; FoodSafetyAgent re-reviews process and limits",For the mapping-selected variant: SUM(raw extended costs + child VSF quantity × accepted child cost/output) / projected batch output; factual costing waits for accepted prices and output,"At each parent include either CHILD_VSF cost or that child's raw lines, never both; top-level dish excludes flattened lines reassigned to a VSF",REAL_VSF_CANDIDATE,UNRESOLVED,SOURCE_DAG_CONTROLLED
VSF-034,Тесто мадлен,0.1.0-DRAFT,VSF-034@BASE,1,"Chef draft source portion/batch; canonical is architecture reference, not approved production batch",612,610,600,г,VKM-031,null,Нет,DRAFT_WITH_ASSUMPTIONS,ASSUMPTION,EVD-0009;EVD-0007;EVD-0008,Draft batch reconstructed only from Chef HOF-0002 quantities; factual yield not asserted,2026-08-03,Chef / SemiFinishedProductsAgent,GAP-006;GAP-010;GAP-011,BLOCKED_PENDING_VALIDATION,GAP-010;GAP-011,"Chef freezes batch formula/output and variant decision; control cook weighs inputs, loss and output; FoodSafetyAgent re-reviews process and limits",For the mapping-selected variant: SUM(raw extended costs + child VSF quantity × accepted child cost/output) / projected batch output; factual costing waits for accepted prices and output,"At each parent include either CHILD_VSF cost or that child's raw lines, never both; top-level dish excludes flattened lines reassigned to a VSF",REAL_VSF_CANDIDATE,UNRESOLVED,SOURCE_DAG_CONTROLLED
VSF-NONE-VKM-026,Boundary assertion: make-полуфабрикат не выделен в PR81,PR81-DRAFT,NONE@VKM-026,0,,,,,,VKM-026,,,PENDING_CHEF_CONFIRMATION,DRAFT,,,,Chef,,,,Подтвердить отсутствие make-полуфабрикатов и границы make-or-buy,,Each purchased component once,BOUNDARY_ASSERTION_NOT_REAL_VSF,NO_MAKE_VSF_IDENTIFIED_PENDING_CHEF,EXPLICIT_DISH_BOUNDARY_EDGE
VSF-NONE-VKM-027,Boundary assertion: make-полуфабрикат не выделен в PR81,PR81-DRAFT,NONE@VKM-027,0,,,,,,VKM-027,,,PENDING_CHEF_CONFIRMATION,DRAFT,,,,Chef,,,,Подтвердить отсутствие make-полуфабрикатов и границы make-or-buy,,Each purchased component once,BOUNDARY_ASSERTION_NOT_REAL_VSF,NO_MAKE_VSF_IDENTIFIED_PENDING_CHEF,EXPLICIT_DISH_BOUNDARY_EDGE
VSF-NONE-VKM-028,Boundary assertion: make-полуфабрикат не выделен в PR81,PR81-DRAFT,NONE@VKM-028,0,,,,,,VKM-028,,,PENDING_CHEF_CONFIRMATION,DRAFT,,,,Chef,,,,Подтвердить отсутствие make-полуфабрикатов и границы make-or-buy,,Each purchased component once,BOUNDARY_ASSERTION_NOT_REAL_VSF,NO_MAKE_VSF_IDENTIFIED_PENDING_CHEF,EXPLICIT_DISH_BOUNDARY_EDGE
