dish_code,scenario,evidence_price_factor,proxy_price_factor,yield_cost_factor,scenario_food_cost_rub,scenario_kitchen_cogs_rub,status,limitation,exact_formula,applicability_status
VKM-001,BASE_PROXY_SCENARIO,1,1,1,226.667812,230.067829,ASSUMPTION_BLOCKED_PENDING_VALIDATION,Sensitivity around public proxy scenario; does not remove exact-SKU/procurement/recipe blocks,"scenario_value = baseline * exact scenario rule; yield -5% uses divisor 0.95, not rounded displayed factor",APPLICABLE_ISSUE82_PROXY_ONLY
VKM-001,PROXY_MINUS_30PCT,1,0.7,1,209.118775,212.255556,ASSUMPTION_BLOCKED_PENDING_VALIDATION,Sensitivity around public proxy scenario; does not remove exact-SKU/procurement/recipe blocks,"scenario_value = baseline * exact scenario rule; yield -5% uses divisor 0.95, not rounded displayed factor",APPLICABLE_ISSUE82_PROXY_ONLY
VKM-001,PROXY_PLUS_30PCT,1,1.3,1,244.21685,247.880103,ASSUMPTION_BLOCKED_PENDING_VALIDATION,Sensitivity around public proxy scenario; does not remove exact-SKU/procurement/recipe blocks,"scenario_value = baseline * exact scenario rule; yield -5% uses divisor 0.95, not rounded displayed factor",APPLICABLE_ISSUE82_PROXY_ONLY
VKM-001,ALL_PRICES_PLUS_10PCT,1.1,1.1,1,249.334593,253.074612,ASSUMPTION_BLOCKED_PENDING_VALIDATION,Sensitivity around public proxy scenario; does not remove exact-SKU/procurement/recipe blocks,"scenario_value = baseline * exact scenario rule; yield -5% uses divisor 0.95, not rounded displayed factor",APPLICABLE_ISSUE82_PROXY_ONLY
VKM-001,PROXY_PLUS_50PCT_YIELD_MINUS_5PCT,1,1.5,1.052632,269.385482,273.426265,ASSUMPTION_BLOCKED_PENDING_VALIDATION,Sensitivity around public proxy scenario; does not remove exact-SKU/procurement/recipe blocks,"scenario_value = baseline * exact scenario rule; yield -5% uses divisor 0.95, not rounded displayed factor",APPLICABLE_ISSUE82_PROXY_ONLY
VKM-002,BASE_PROXY_SCENARIO,1,1,1,329.244542,334.18321,ASSUMPTION_BLOCKED_PENDING_VALIDATION,Sensitivity around public proxy scenario; does not remove exact-SKU/procurement/recipe blocks,"scenario_value = baseline * exact scenario rule; yield -5% uses divisor 0.95, not rounded displayed factor",APPLICABLE_ISSUE82_PROXY_ONLY
VKM-002,PROXY_MINUS_30PCT,1,0.7,1,306.385586,310.981369,ASSUMPTION_BLOCKED_PENDING_VALIDATION,Sensitivity around public proxy scenario; does not remove exact-SKU/procurement/recipe blocks,"scenario_value = baseline * exact scenario rule; yield -5% uses divisor 0.95, not rounded displayed factor",APPLICABLE_ISSUE82_PROXY_ONLY
VKM-002,PROXY_PLUS_30PCT,1,1.3,1,352.103499,357.385051,ASSUMPTION_BLOCKED_PENDING_VALIDATION,Sensitivity around public proxy scenario; does not remove exact-SKU/procurement/recipe blocks,"scenario_value = baseline * exact scenario rule; yield -5% uses divisor 0.95, not rounded displayed factor",APPLICABLE_ISSUE82_PROXY_ONLY
VKM-002,ALL_PRICES_PLUS_10PCT,1.1,1.1,1,362.168996,367.601531,ASSUMPTION_BLOCKED_PENDING_VALIDATION,Sensitivity around public proxy scenario; does not remove exact-SKU/procurement/recipe blocks,"scenario_value = baseline * exact scenario rule; yield -5% uses divisor 0.95, not rounded displayed factor",APPLICABLE_ISSUE82_PROXY_ONLY
VKM-002,PROXY_PLUS_50PCT_YIELD_MINUS_5PCT,1,1.5,1.052632,386.676635,392.476785,ASSUMPTION_BLOCKED_PENDING_VALIDATION,Sensitivity around public proxy scenario; does not remove exact-SKU/procurement/recipe blocks,"scenario_value = baseline * exact scenario rule; yield -5% uses divisor 0.95, not rounded displayed factor",APPLICABLE_ISSUE82_PROXY_ONLY
VKM-003,BASE_PROXY_SCENARIO,1,1,1,265.878782,269.866963,ASSUMPTION_BLOCKED_PENDING_VALIDATION,Sensitivity around public proxy scenario; does not remove exact-SKU/procurement/recipe blocks,"scenario_value = baseline * exact scenario rule; yield -5% uses divisor 0.95, not rounded displayed factor",APPLICABLE_ISSUE82_PROXY_ONLY
VKM-003,PROXY_MINUS_30PCT,1,0.7,1,226.556635,229.954985,ASSUMPTION_BLOCKED_PENDING_VALIDATION,Sensitivity around public proxy scenario; does not remove exact-SKU/procurement/recipe blocks,"scenario_value = baseline * exact scenario rule; yield -5% uses divisor 0.95, not rounded displayed factor",APPLICABLE_ISSUE82_PROXY_ONLY
VKM-003,PROXY_PLUS_30PCT,1,1.3,1,305.200928,309.778942,ASSUMPTION_BLOCKED_PENDING_VALIDATION,Sensitivity around public proxy scenario; does not remove exact-SKU/procurement/recipe blocks,"scenario_value = baseline * exact scenario rule; yield -5% uses divisor 0.95, not rounded displayed factor",APPLICABLE_ISSUE82_PROXY_ONLY
VKM-003,ALL_PRICES_PLUS_10PCT,1.1,1.1,1,292.46666,296.85366,ASSUMPTION_BLOCKED_PENDING_VALIDATION,Sensitivity around public proxy scenario; does not remove exact-SKU/procurement/recipe blocks,"scenario_value = baseline * exact scenario rule; yield -5% uses divisor 0.95, not rounded displayed factor",APPLICABLE_ISSUE82_PROXY_ONLY
VKM-003,PROXY_PLUS_50PCT_YIELD_MINUS_5PCT,1,1.5,1.052632,348.858624,354.091503,ASSUMPTION_BLOCKED_PENDING_VALIDATION,Sensitivity around public proxy scenario; does not remove exact-SKU/procurement/recipe blocks,"scenario_value = baseline * exact scenario rule; yield -5% uses divisor 0.95, not rounded displayed factor",APPLICABLE_ISSUE82_PROXY_ONLY
VKM-004,BASE_PROXY_SCENARIO,1,1,1,310.295899,314.950338,ASSUMPTION_BLOCKED_PENDING_VALIDATION,Sensitivity around public proxy scenario; does not remove exact-SKU/procurement/recipe blocks,"scenario_value = baseline * exact scenario rule; yield -5% uses divisor 0.95, not rounded displayed factor",APPLICABLE_ISSUE82_PROXY_ONLY
VKM-004,PROXY_MINUS_30PCT,1,0.7,1,294.730027,299.150978,ASSUMPTION_BLOCKED_PENDING_VALIDATION,Sensitivity around public proxy scenario; does not remove exact-SKU/procurement/recipe blocks,"scenario_value = baseline * exact scenario rule; yield -5% uses divisor 0.95, not rounded displayed factor",APPLICABLE_ISSUE82_PROXY_ONLY
VKM-004,PROXY_PLUS_30PCT,1,1.3,1,325.861771,330.749698,ASSUMPTION_BLOCKED_PENDING_VALIDATION,Sensitivity around public proxy scenario; does not remove exact-SKU/procurement/recipe blocks,"scenario_value = baseline * exact scenario rule; yield -5% uses divisor 0.95, not rounded displayed factor",APPLICABLE_ISSUE82_PROXY_ONLY
VKM-004,ALL_PRICES_PLUS_10PCT,1.1,1.1,1,341.325489,346.445371,ASSUMPTION_BLOCKED_PENDING_VALIDATION,Sensitivity around public proxy scenario; does not remove exact-SKU/procurement/recipe blocks,"scenario_value = baseline * exact scenario rule; yield -5% uses divisor 0.95, not rounded displayed factor",APPLICABLE_ISSUE82_PROXY_ONLY
VKM-004,PROXY_PLUS_50PCT_YIELD_MINUS_5PCT,1,1.5,1.052632,353.935809,359.244846,ASSUMPTION_BLOCKED_PENDING_VALIDATION,Sensitivity around public proxy scenario; does not remove exact-SKU/procurement/recipe blocks,"scenario_value = baseline * exact scenario rule; yield -5% uses divisor 0.95, not rounded displayed factor",APPLICABLE_ISSUE82_PROXY_ONLY
VKM-005,BASE_PROXY_SCENARIO,1,1,1,16.94934,17.20358,ASSUMPTION_BLOCKED_PENDING_VALIDATION,Sensitivity around public proxy scenario; does not remove exact-SKU/procurement/recipe blocks,"scenario_value = baseline * exact scenario rule; yield -5% uses divisor 0.95, not rounded displayed factor",APPLICABLE_ISSUE82_PROXY_ONLY
VKM-005,PROXY_MINUS_30PCT,1,0.7,1,12.842659,13.035299,ASSUMPTION_BLOCKED_PENDING_VALIDATION,Sensitivity around public proxy scenario; does not remove exact-SKU/procurement/recipe blocks,"scenario_value = baseline * exact scenario rule; yield -5% uses divisor 0.95, not rounded displayed factor",APPLICABLE_ISSUE82_PROXY_ONLY
VKM-005,PROXY_PLUS_30PCT,1,1.3,1,21.05602,21.371861,ASSUMPTION_BLOCKED_PENDING_VALIDATION,Sensitivity around public proxy scenario; does not remove exact-SKU/procurement/recipe blocks,"scenario_value = baseline * exact scenario rule; yield -5% uses divisor 0.95, not rounded displayed factor",APPLICABLE_ISSUE82_PROXY_ONLY
VKM-005,ALL_PRICES_PLUS_10PCT,1.1,1.1,1,18.644274,18.923938,ASSUMPTION_BLOCKED_PENDING_VALIDATION,Sensitivity around public proxy scenario; does not remove exact-SKU/procurement/recipe blocks,"scenario_value = baseline * exact scenario rule; yield -5% uses divisor 0.95, not rounded displayed factor",APPLICABLE_ISSUE82_PROXY_ONLY
VKM-005,PROXY_PLUS_50PCT_YIELD_MINUS_5PCT,1,1.5,1.052632,25.046113,25.421805,ASSUMPTION_BLOCKED_PENDING_VALIDATION,Sensitivity around public proxy scenario; does not remove exact-SKU/procurement/recipe blocks,"scenario_value = baseline * exact scenario rule; yield -5% uses divisor 0.95, not rounded displayed factor",APPLICABLE_ISSUE82_PROXY_ONLY
VKM-006,BASE_PROXY_SCENARIO,1,1,1,15.55111,15.784376,ASSUMPTION_BLOCKED_PENDING_VALIDATION,Sensitivity around public proxy scenario; does not remove exact-SKU/procurement/recipe blocks,"scenario_value = baseline * exact scenario rule; yield -5% uses divisor 0.95, not rounded displayed factor",APPLICABLE_ISSUE82_PROXY_ONLY
VKM-006,PROXY_MINUS_30PCT,1,0.7,1,11.787263,11.964071,ASSUMPTION_BLOCKED_PENDING_VALIDATION,Sensitivity around public proxy scenario; does not remove exact-SKU/procurement/recipe blocks,"scenario_value = baseline * exact scenario rule; yield -5% uses divisor 0.95, not rounded displayed factor",APPLICABLE_ISSUE82_PROXY_ONLY
VKM-006,PROXY_PLUS_30PCT,1,1.3,1,19.314957,19.604681,ASSUMPTION_BLOCKED_PENDING_VALIDATION,Sensitivity around public proxy scenario; does not remove exact-SKU/procurement/recipe blocks,"scenario_value = baseline * exact scenario rule; yield -5% uses divisor 0.95, not rounded displayed factor",APPLICABLE_ISSUE82_PROXY_ONLY
VKM-006,ALL_PRICES_PLUS_10PCT,1.1,1.1,1,17.106221,17.362814,ASSUMPTION_BLOCKED_PENDING_VALIDATION,Sensitivity around public proxy scenario; does not remove exact-SKU/procurement/recipe blocks,"scenario_value = baseline * exact scenario rule; yield -5% uses divisor 0.95, not rounded displayed factor",APPLICABLE_ISSUE82_PROXY_ONLY
VKM-006,PROXY_PLUS_50PCT_YIELD_MINUS_5PCT,1,1.5,1.052632,22.97283,23.317422,ASSUMPTION_BLOCKED_PENDING_VALIDATION,Sensitivity around public proxy scenario; does not remove exact-SKU/procurement/recipe blocks,"scenario_value = baseline * exact scenario rule; yield -5% uses divisor 0.95, not rounded displayed factor",APPLICABLE_ISSUE82_PROXY_ONLY
VKM-007,BASE_PROXY_SCENARIO,1,1,1,25.539084,25.922171,ASSUMPTION_BLOCKED_PENDING_VALIDATION,Sensitivity around public proxy scenario; does not remove exact-SKU/procurement/recipe blocks,"scenario_value = baseline * exact scenario rule; yield -5% uses divisor 0.95, not rounded displayed factor",APPLICABLE_ISSUE82_PROXY_ONLY
VKM-007,PROXY_MINUS_30PCT,1,0.7,1,22.609863,22.949011,ASSUMPTION_BLOCKED_PENDING_VALIDATION,Sensitivity around public proxy scenario; does not remove exact-SKU/procurement/recipe blocks,"scenario_value = baseline * exact scenario rule; yield -5% uses divisor 0.95, not rounded displayed factor",APPLICABLE_ISSUE82_PROXY_ONLY
VKM-007,PROXY_PLUS_30PCT,1,1.3,1,28.468306,28.89533,ASSUMPTION_BLOCKED_PENDING_VALIDATION,Sensitivity around public proxy scenario; does not remove exact-SKU/procurement/recipe blocks,"scenario_value = baseline * exact scenario rule; yield -5% uses divisor 0.95, not rounded displayed factor",APPLICABLE_ISSUE82_PROXY_ONLY
VKM-007,ALL_PRICES_PLUS_10PCT,1.1,1.1,1,28.092993,28.514388,ASSUMPTION_BLOCKED_PENDING_VALIDATION,Sensitivity around public proxy scenario; does not remove exact-SKU/procurement/recipe blocks,"scenario_value = baseline * exact scenario rule; yield -5% uses divisor 0.95, not rounded displayed factor",APPLICABLE_ISSUE82_PROXY_ONLY
VKM-007,PROXY_PLUS_50PCT_YIELD_MINUS_5PCT,1,1.5,1.052632,32.022232,32.502565,ASSUMPTION_BLOCKED_PENDING_VALIDATION,Sensitivity around public proxy scenario; does not remove exact-SKU/procurement/recipe blocks,"scenario_value = baseline * exact scenario rule; yield -5% uses divisor 0.95, not rounded displayed factor",APPLICABLE_ISSUE82_PROXY_ONLY
VKM-008,BASE_PROXY_SCENARIO,1,1,1,27.160066,27.567467,ASSUMPTION_BLOCKED_PENDING_VALIDATION,Sensitivity around public proxy scenario; does not remove exact-SKU/procurement/recipe blocks,"scenario_value = baseline * exact scenario rule; yield -5% uses divisor 0.95, not rounded displayed factor",APPLICABLE_ISSUE82_PROXY_ONLY
VKM-008,PROXY_MINUS_30PCT,1,0.7,1,26.774555,27.176173,ASSUMPTION_BLOCKED_PENDING_VALIDATION,Sensitivity around public proxy scenario; does not remove exact-SKU/procurement/recipe blocks,"scenario_value = baseline * exact scenario rule; yield -5% uses divisor 0.95, not rounded displayed factor",APPLICABLE_ISSUE82_PROXY_ONLY
VKM-008,PROXY_PLUS_30PCT,1,1.3,1,27.545576,27.95876,ASSUMPTION_BLOCKED_PENDING_VALIDATION,Sensitivity around public proxy scenario; does not remove exact-SKU/procurement/recipe blocks,"scenario_value = baseline * exact scenario rule; yield -5% uses divisor 0.95, not rounded displayed factor",APPLICABLE_ISSUE82_PROXY_ONLY
VKM-008,ALL_PRICES_PLUS_10PCT,1.1,1.1,1,29.876072,30.324213,ASSUMPTION_BLOCKED_PENDING_VALIDATION,Sensitivity around public proxy scenario; does not remove exact-SKU/procurement/recipe blocks,"scenario_value = baseline * exact scenario rule; yield -5% uses divisor 0.95, not rounded displayed factor",APPLICABLE_ISSUE82_PROXY_ONLY
VKM-008,PROXY_PLUS_50PCT_YIELD_MINUS_5PCT,1,1.5,1.052632,29.265877,29.704865,ASSUMPTION_BLOCKED_PENDING_VALIDATION,Sensitivity around public proxy scenario; does not remove exact-SKU/procurement/recipe blocks,"scenario_value = baseline * exact scenario rule; yield -5% uses divisor 0.95, not rounded displayed factor",APPLICABLE_ISSUE82_PROXY_ONLY
VKM-009,BASE_PROXY_SCENARIO,1,1,1,297.117141,301.573898,ASSUMPTION_BLOCKED_PENDING_VALIDATION,Sensitivity around public proxy scenario; does not remove exact-SKU/procurement/recipe blocks,"scenario_value = baseline * exact scenario rule; yield -5% uses divisor 0.95, not rounded displayed factor",APPLICABLE_ISSUE82_PROXY_ONLY
VKM-009,PROXY_MINUS_30PCT,1,0.7,1,267.044159,271.049821,ASSUMPTION_BLOCKED_PENDING_VALIDATION,Sensitivity around public proxy scenario; does not remove exact-SKU/procurement/recipe blocks,"scenario_value = baseline * exact scenario rule; yield -5% uses divisor 0.95, not rounded displayed factor",APPLICABLE_ISSUE82_PROXY_ONLY
VKM-009,PROXY_PLUS_30PCT,1,1.3,1,327.190123,332.097975,ASSUMPTION_BLOCKED_PENDING_VALIDATION,Sensitivity around public proxy scenario; does not remove exact-SKU/procurement/recipe blocks,"scenario_value = baseline * exact scenario rule; yield -5% uses divisor 0.95, not rounded displayed factor",APPLICABLE_ISSUE82_PROXY_ONLY
VKM-009,ALL_PRICES_PLUS_10PCT,1.1,1.1,1,326.828855,331.731288,ASSUMPTION_BLOCKED_PENDING_VALIDATION,Sensitivity around public proxy scenario; does not remove exact-SKU/procurement/recipe blocks,"scenario_value = baseline * exact scenario rule; yield -5% uses divisor 0.95, not rounded displayed factor",APPLICABLE_ISSUE82_PROXY_ONLY
VKM-009,PROXY_PLUS_50PCT_YIELD_MINUS_5PCT,1,1.5,1.052632,365.514503,370.99722,ASSUMPTION_BLOCKED_PENDING_VALIDATION,Sensitivity around public proxy scenario; does not remove exact-SKU/procurement/recipe blocks,"scenario_value = baseline * exact scenario rule; yield -5% uses divisor 0.95, not rounded displayed factor",APPLICABLE_ISSUE82_PROXY_ONLY
VKM-010,BASE_PROXY_SCENARIO,1,1,1,334.669062,339.689098,ASSUMPTION_BLOCKED_PENDING_VALIDATION,Sensitivity around public proxy scenario; does not remove exact-SKU/procurement/recipe blocks,"scenario_value = baseline * exact scenario rule; yield -5% uses divisor 0.95, not rounded displayed factor",APPLICABLE_ISSUE82_PROXY_ONLY
VKM-010,PROXY_MINUS_30PCT,1,0.7,1,288.036714,292.357264,ASSUMPTION_BLOCKED_PENDING_VALIDATION,Sensitivity around public proxy scenario; does not remove exact-SKU/procurement/recipe blocks,"scenario_value = baseline * exact scenario rule; yield -5% uses divisor 0.95, not rounded displayed factor",APPLICABLE_ISSUE82_PROXY_ONLY
VKM-010,PROXY_PLUS_30PCT,1,1.3,1,381.301411,387.020932,ASSUMPTION_BLOCKED_PENDING_VALIDATION,Sensitivity around public proxy scenario; does not remove exact-SKU/procurement/recipe blocks,"scenario_value = baseline * exact scenario rule; yield -5% uses divisor 0.95, not rounded displayed factor",APPLICABLE_ISSUE82_PROXY_ONLY
VKM-010,ALL_PRICES_PLUS_10PCT,1.1,1.1,1,368.135968,373.658008,ASSUMPTION_BLOCKED_PENDING_VALIDATION,Sensitivity around public proxy scenario; does not remove exact-SKU/procurement/recipe blocks,"scenario_value = baseline * exact scenario rule; yield -5% uses divisor 0.95, not rounded displayed factor",APPLICABLE_ISSUE82_PROXY_ONLY
VKM-010,PROXY_PLUS_50PCT_YIELD_MINUS_5PCT,1,1.5,1.052632,434.094361,440.605777,ASSUMPTION_BLOCKED_PENDING_VALIDATION,Sensitivity around public proxy scenario; does not remove exact-SKU/procurement/recipe blocks,"scenario_value = baseline * exact scenario rule; yield -5% uses divisor 0.95, not rounded displayed factor",APPLICABLE_ISSUE82_PROXY_ONLY
VKM-011,BASE_PROXY_SCENARIO,1,1,1,128.900665,130.834175,ASSUMPTION_BLOCKED_PENDING_VALIDATION,Sensitivity around public proxy scenario; does not remove exact-SKU/procurement/recipe blocks,"scenario_value = baseline * exact scenario rule; yield -5% uses divisor 0.95, not rounded displayed factor",APPLICABLE_ISSUE82_PROXY_ONLY
VKM-011,PROXY_MINUS_30PCT,1,0.7,1,98.048465,99.519192,ASSUMPTION_BLOCKED_PENDING_VALIDATION,Sensitivity around public proxy scenario; does not remove exact-SKU/procurement/recipe blocks,"scenario_value = baseline * exact scenario rule; yield -5% uses divisor 0.95, not rounded displayed factor",APPLICABLE_ISSUE82_PROXY_ONLY
VKM-011,PROXY_PLUS_30PCT,1,1.3,1,159.752864,162.149157,ASSUMPTION_BLOCKED_PENDING_VALIDATION,Sensitivity around public proxy scenario; does not remove exact-SKU/procurement/recipe blocks,"scenario_value = baseline * exact scenario rule; yield -5% uses divisor 0.95, not rounded displayed factor",APPLICABLE_ISSUE82_PROXY_ONLY
VKM-011,ALL_PRICES_PLUS_10PCT,1.1,1.1,1,141.790731,143.917592,ASSUMPTION_BLOCKED_PENDING_VALIDATION,Sensitivity around public proxy scenario; does not remove exact-SKU/procurement/recipe blocks,"scenario_value = baseline * exact scenario rule; yield -5% uses divisor 0.95, not rounded displayed factor",APPLICABLE_ISSUE82_PROXY_ONLY
VKM-011,PROXY_PLUS_50PCT_YIELD_MINUS_5PCT,1,1.5,1.052632,189.811576,192.658749,ASSUMPTION_BLOCKED_PENDING_VALIDATION,Sensitivity around public proxy scenario; does not remove exact-SKU/procurement/recipe blocks,"scenario_value = baseline * exact scenario rule; yield -5% uses divisor 0.95, not rounded displayed factor",APPLICABLE_ISSUE82_PROXY_ONLY
VKM-012,BASE_PROXY_SCENARIO,1,1,1,25.206111,25.584202,ASSUMPTION_BLOCKED_PENDING_VALIDATION,Sensitivity around public proxy scenario; does not remove exact-SKU/procurement/recipe blocks,"scenario_value = baseline * exact scenario rule; yield -5% uses divisor 0.95, not rounded displayed factor",APPLICABLE_ISSUE82_PROXY_ONLY
VKM-012,PROXY_MINUS_30PCT,1,0.7,1,17.732298,17.998282,ASSUMPTION_BLOCKED_PENDING_VALIDATION,Sensitivity around public proxy scenario; does not remove exact-SKU/procurement/recipe blocks,"scenario_value = baseline * exact scenario rule; yield -5% uses divisor 0.95, not rounded displayed factor",APPLICABLE_ISSUE82_PROXY_ONLY
VKM-012,PROXY_PLUS_30PCT,1,1.3,1,32.679924,33.170123,ASSUMPTION_BLOCKED_PENDING_VALIDATION,Sensitivity around public proxy scenario; does not remove exact-SKU/procurement/recipe blocks,"scenario_value = baseline * exact scenario rule; yield -5% uses divisor 0.95, not rounded displayed factor",APPLICABLE_ISSUE82_PROXY_ONLY
VKM-012,ALL_PRICES_PLUS_10PCT,1.1,1.1,1,27.726722,28.142623,ASSUMPTION_BLOCKED_PENDING_VALIDATION,Sensitivity around public proxy scenario; does not remove exact-SKU/procurement/recipe blocks,"scenario_value = baseline * exact scenario rule; yield -5% uses divisor 0.95, not rounded displayed factor",APPLICABLE_ISSUE82_PROXY_ONLY
VKM-012,PROXY_PLUS_50PCT_YIELD_MINUS_5PCT,1,1.5,1.052632,39.644701,40.239372,ASSUMPTION_BLOCKED_PENDING_VALIDATION,Sensitivity around public proxy scenario; does not remove exact-SKU/procurement/recipe blocks,"scenario_value = baseline * exact scenario rule; yield -5% uses divisor 0.95, not rounded displayed factor",APPLICABLE_ISSUE82_PROXY_ONLY
VKM-013,BASE_PROXY_SCENARIO,1,1,1,467.189404,474.197245,ASSUMPTION_BLOCKED_PENDING_VALIDATION,Sensitivity around public proxy scenario; does not remove exact-SKU/procurement/recipe blocks,"scenario_value = baseline * exact scenario rule; yield -5% uses divisor 0.95, not rounded displayed factor",APPLICABLE_ISSUE82_PROXY_ONLY
VKM-013,PROXY_MINUS_30PCT,1,0.7,1,459.655483,466.550315,ASSUMPTION_BLOCKED_PENDING_VALIDATION,Sensitivity around public proxy scenario; does not remove exact-SKU/procurement/recipe blocks,"scenario_value = baseline * exact scenario rule; yield -5% uses divisor 0.95, not rounded displayed factor",APPLICABLE_ISSUE82_PROXY_ONLY
VKM-013,PROXY_PLUS_30PCT,1,1.3,1,474.723325,481.844175,ASSUMPTION_BLOCKED_PENDING_VALIDATION,Sensitivity around public proxy scenario; does not remove exact-SKU/procurement/recipe blocks,"scenario_value = baseline * exact scenario rule; yield -5% uses divisor 0.95, not rounded displayed factor",APPLICABLE_ISSUE82_PROXY_ONLY
VKM-013,ALL_PRICES_PLUS_10PCT,1.1,1.1,1,513.908345,521.61697,ASSUMPTION_BLOCKED_PENDING_VALIDATION,Sensitivity around public proxy scenario; does not remove exact-SKU/procurement/recipe blocks,"scenario_value = baseline * exact scenario rule; yield -5% uses divisor 0.95, not rounded displayed factor",APPLICABLE_ISSUE82_PROXY_ONLY
VKM-013,PROXY_PLUS_50PCT_YIELD_MINUS_5PCT,1,1.5,1.052632,504.995726,512.570662,ASSUMPTION_BLOCKED_PENDING_VALIDATION,Sensitivity around public proxy scenario; does not remove exact-SKU/procurement/recipe blocks,"scenario_value = baseline * exact scenario rule; yield -5% uses divisor 0.95, not rounded displayed factor",APPLICABLE_ISSUE82_PROXY_ONLY
VKM-014,BASE_PROXY_SCENARIO,1,1,1,88.220592,89.543901,ASSUMPTION_BLOCKED_PENDING_VALIDATION,Sensitivity around public proxy scenario; does not remove exact-SKU/procurement/recipe blocks,"scenario_value = baseline * exact scenario rule; yield -5% uses divisor 0.95, not rounded displayed factor",APPLICABLE_ISSUE82_PROXY_ONLY
VKM-014,PROXY_MINUS_30PCT,1,0.7,1,83.58872,84.842551,ASSUMPTION_BLOCKED_PENDING_VALIDATION,Sensitivity around public proxy scenario; does not remove exact-SKU/procurement/recipe blocks,"scenario_value = baseline * exact scenario rule; yield -5% uses divisor 0.95, not rounded displayed factor",APPLICABLE_ISSUE82_PROXY_ONLY
VKM-014,PROXY_PLUS_30PCT,1,1.3,1,92.852464,94.245251,ASSUMPTION_BLOCKED_PENDING_VALIDATION,Sensitivity around public proxy scenario; does not remove exact-SKU/procurement/recipe blocks,"scenario_value = baseline * exact scenario rule; yield -5% uses divisor 0.95, not rounded displayed factor",APPLICABLE_ISSUE82_PROXY_ONLY
VKM-014,ALL_PRICES_PLUS_10PCT,1.1,1.1,1,97.042651,98.498291,ASSUMPTION_BLOCKED_PENDING_VALIDATION,Sensitivity around public proxy scenario; does not remove exact-SKU/procurement/recipe blocks,"scenario_value = baseline * exact scenario rule; yield -5% uses divisor 0.95, not rounded displayed factor",APPLICABLE_ISSUE82_PROXY_ONLY
VKM-014,PROXY_PLUS_50PCT_YIELD_MINUS_5PCT,1,1.5,1.052632,100.989872,102.50472,ASSUMPTION_BLOCKED_PENDING_VALIDATION,Sensitivity around public proxy scenario; does not remove exact-SKU/procurement/recipe blocks,"scenario_value = baseline * exact scenario rule; yield -5% uses divisor 0.95, not rounded displayed factor",APPLICABLE_ISSUE82_PROXY_ONLY
VKM-015,BASE_PROXY_SCENARIO,1,1,1,131.181168,133.148886,ASSUMPTION_BLOCKED_PENDING_VALIDATION,Sensitivity around public proxy scenario; does not remove exact-SKU/procurement/recipe blocks,"scenario_value = baseline * exact scenario rule; yield -5% uses divisor 0.95, not rounded displayed factor",APPLICABLE_ISSUE82_PROXY_ONLY
VKM-015,PROXY_MINUS_30PCT,1,0.7,1,92.089018,93.470353,ASSUMPTION_BLOCKED_PENDING_VALIDATION,Sensitivity around public proxy scenario; does not remove exact-SKU/procurement/recipe blocks,"scenario_value = baseline * exact scenario rule; yield -5% uses divisor 0.95, not rounded displayed factor",APPLICABLE_ISSUE82_PROXY_ONLY
VKM-015,PROXY_PLUS_30PCT,1,1.3,1,170.273319,172.827419,ASSUMPTION_BLOCKED_PENDING_VALIDATION,Sensitivity around public proxy scenario; does not remove exact-SKU/procurement/recipe blocks,"scenario_value = baseline * exact scenario rule; yield -5% uses divisor 0.95, not rounded displayed factor",APPLICABLE_ISSUE82_PROXY_ONLY
VKM-015,ALL_PRICES_PLUS_10PCT,1.1,1.1,1,144.299285,146.463775,ASSUMPTION_BLOCKED_PENDING_VALIDATION,Sensitivity around public proxy scenario; does not remove exact-SKU/procurement/recipe blocks,"scenario_value = baseline * exact scenario rule; yield -5% uses divisor 0.95, not rounded displayed factor",APPLICABLE_ISSUE82_PROXY_ONLY
VKM-015,PROXY_PLUS_50PCT_YIELD_MINUS_5PCT,1,1.5,1.052632,206.668161,209.768183,ASSUMPTION_BLOCKED_PENDING_VALIDATION,Sensitivity around public proxy scenario; does not remove exact-SKU/procurement/recipe blocks,"scenario_value = baseline * exact scenario rule; yield -5% uses divisor 0.95, not rounded displayed factor",APPLICABLE_ISSUE82_PROXY_ONLY
VKM-016,BASE_PROXY_SCENARIO,1,1,1,38.628157,39.207579,ASSUMPTION_BLOCKED_PENDING_VALIDATION,Sensitivity around public proxy scenario; does not remove exact-SKU/procurement/recipe blocks,"scenario_value = baseline * exact scenario rule; yield -5% uses divisor 0.95, not rounded displayed factor",APPLICABLE_ISSUE82_PROXY_ONLY
VKM-016,PROXY_MINUS_30PCT,1,0.7,1,33.722348,34.228183,ASSUMPTION_BLOCKED_PENDING_VALIDATION,Sensitivity around public proxy scenario; does not remove exact-SKU/procurement/recipe blocks,"scenario_value = baseline * exact scenario rule; yield -5% uses divisor 0.95, not rounded displayed factor",APPLICABLE_ISSUE82_PROXY_ONLY
VKM-016,PROXY_PLUS_30PCT,1,1.3,1,43.533966,44.186976,ASSUMPTION_BLOCKED_PENDING_VALIDATION,Sensitivity around public proxy scenario; does not remove exact-SKU/procurement/recipe blocks,"scenario_value = baseline * exact scenario rule; yield -5% uses divisor 0.95, not rounded displayed factor",APPLICABLE_ISSUE82_PROXY_ONLY
VKM-016,ALL_PRICES_PLUS_10PCT,1.1,1.1,1,42.490973,43.128337,ASSUMPTION_BLOCKED_PENDING_VALIDATION,Sensitivity around public proxy scenario; does not remove exact-SKU/procurement/recipe blocks,"scenario_value = baseline * exact scenario rule; yield -5% uses divisor 0.95, not rounded displayed factor",APPLICABLE_ISSUE82_PROXY_ONLY
VKM-016,PROXY_PLUS_50PCT_YIELD_MINUS_5PCT,1,1.5,1.052632,49.267901,50.006919,ASSUMPTION_BLOCKED_PENDING_VALIDATION,Sensitivity around public proxy scenario; does not remove exact-SKU/procurement/recipe blocks,"scenario_value = baseline * exact scenario rule; yield -5% uses divisor 0.95, not rounded displayed factor",APPLICABLE_ISSUE82_PROXY_ONLY
VKM-017,BASE_PROXY_SCENARIO,1,1,1,151.567144,153.840651,ASSUMPTION_BLOCKED_PENDING_VALIDATION,Sensitivity around public proxy scenario; does not remove exact-SKU/procurement/recipe blocks,"scenario_value = baseline * exact scenario rule; yield -5% uses divisor 0.95, not rounded displayed factor",APPLICABLE_ISSUE82_PROXY_ONLY
VKM-017,PROXY_MINUS_30PCT,1,0.7,1,107.033001,108.638496,ASSUMPTION_BLOCKED_PENDING_VALIDATION,Sensitivity around public proxy scenario; does not remove exact-SKU/procurement/recipe blocks,"scenario_value = baseline * exact scenario rule; yield -5% uses divisor 0.95, not rounded displayed factor",APPLICABLE_ISSUE82_PROXY_ONLY
VKM-017,PROXY_PLUS_30PCT,1,1.3,1,196.101287,199.042806,ASSUMPTION_BLOCKED_PENDING_VALIDATION,Sensitivity around public proxy scenario; does not remove exact-SKU/procurement/recipe blocks,"scenario_value = baseline * exact scenario rule; yield -5% uses divisor 0.95, not rounded displayed factor",APPLICABLE_ISSUE82_PROXY_ONLY
VKM-017,ALL_PRICES_PLUS_10PCT,1.1,1.1,1,166.723858,169.224716,ASSUMPTION_BLOCKED_PENDING_VALIDATION,Sensitivity around public proxy scenario; does not remove exact-SKU/procurement/recipe blocks,"scenario_value = baseline * exact scenario rule; yield -5% uses divisor 0.95, not rounded displayed factor",APPLICABLE_ISSUE82_PROXY_ONLY
VKM-017,PROXY_PLUS_50PCT_YIELD_MINUS_5PCT,1,1.5,1.052632,237.674438,241.239554,ASSUMPTION_BLOCKED_PENDING_VALIDATION,Sensitivity around public proxy scenario; does not remove exact-SKU/procurement/recipe blocks,"scenario_value = baseline * exact scenario rule; yield -5% uses divisor 0.95, not rounded displayed factor",APPLICABLE_ISSUE82_PROXY_ONLY
VKM-018,BASE_PROXY_SCENARIO,1,1,1,99.788792,101.285624,ASSUMPTION_BLOCKED_PENDING_VALIDATION,Sensitivity around public proxy scenario; does not remove exact-SKU/procurement/recipe blocks,"scenario_value = baseline * exact scenario rule; yield -5% uses divisor 0.95, not rounded displayed factor",APPLICABLE_ISSUE82_PROXY_ONLY
VKM-018,PROXY_MINUS_30PCT,1,0.7,1,75.160272,76.287676,ASSUMPTION_BLOCKED_PENDING_VALIDATION,Sensitivity around public proxy scenario; does not remove exact-SKU/procurement/recipe blocks,"scenario_value = baseline * exact scenario rule; yield -5% uses divisor 0.95, not rounded displayed factor",APPLICABLE_ISSUE82_PROXY_ONLY
VKM-018,PROXY_PLUS_30PCT,1,1.3,1,124.417313,126.283572,ASSUMPTION_BLOCKED_PENDING_VALIDATION,Sensitivity around public proxy scenario; does not remove exact-SKU/procurement/recipe blocks,"scenario_value = baseline * exact scenario rule; yield -5% uses divisor 0.95, not rounded displayed factor",APPLICABLE_ISSUE82_PROXY_ONLY
VKM-018,ALL_PRICES_PLUS_10PCT,1.1,1.1,1,109.767672,111.414187,ASSUMPTION_BLOCKED_PENDING_VALIDATION,Sensitivity around public proxy scenario; does not remove exact-SKU/procurement/recipe blocks,"scenario_value = baseline * exact scenario rule; yield -5% uses divisor 0.95, not rounded displayed factor",APPLICABLE_ISSUE82_PROXY_ONLY
VKM-018,PROXY_PLUS_50PCT_YIELD_MINUS_5PCT,1,1.5,1.052632,148.248764,150.472496,ASSUMPTION_BLOCKED_PENDING_VALIDATION,Sensitivity around public proxy scenario; does not remove exact-SKU/procurement/recipe blocks,"scenario_value = baseline * exact scenario rule; yield -5% uses divisor 0.95, not rounded displayed factor",APPLICABLE_ISSUE82_PROXY_ONLY
VKM-019,BASE_PROXY_SCENARIO,1,1,1,365.944995,371.43417,ASSUMPTION_BLOCKED_PENDING_VALIDATION,Sensitivity around public proxy scenario; does not remove exact-SKU/procurement/recipe blocks,"scenario_value = baseline * exact scenario rule; yield -5% uses divisor 0.95, not rounded displayed factor",APPLICABLE_ISSUE82_PROXY_ONLY
VKM-019,PROXY_MINUS_30PCT,1,0.7,1,347.288685,352.498015,ASSUMPTION_BLOCKED_PENDING_VALIDATION,Sensitivity around public proxy scenario; does not remove exact-SKU/procurement/recipe blocks,"scenario_value = baseline * exact scenario rule; yield -5% uses divisor 0.95, not rounded displayed factor",APPLICABLE_ISSUE82_PROXY_ONLY
VKM-019,PROXY_PLUS_30PCT,1,1.3,1,384.601305,390.370324,ASSUMPTION_BLOCKED_PENDING_VALIDATION,Sensitivity around public proxy scenario; does not remove exact-SKU/procurement/recipe blocks,"scenario_value = baseline * exact scenario rule; yield -5% uses divisor 0.95, not rounded displayed factor",APPLICABLE_ISSUE82_PROXY_ONLY
VKM-019,ALL_PRICES_PLUS_10PCT,1.1,1.1,1,402.539494,408.577587,ASSUMPTION_BLOCKED_PENDING_VALIDATION,Sensitivity around public proxy scenario; does not remove exact-SKU/procurement/recipe blocks,"scenario_value = baseline * exact scenario rule; yield -5% uses divisor 0.95, not rounded displayed factor",APPLICABLE_ISSUE82_PROXY_ONLY
VKM-019,PROXY_PLUS_50PCT_YIELD_MINUS_5PCT,1,1.5,1.052632,417.935626,424.20466,ASSUMPTION_BLOCKED_PENDING_VALIDATION,Sensitivity around public proxy scenario; does not remove exact-SKU/procurement/recipe blocks,"scenario_value = baseline * exact scenario rule; yield -5% uses divisor 0.95, not rounded displayed factor",APPLICABLE_ISSUE82_PROXY_ONLY
VKM-020,BASE_PROXY_SCENARIO,1,1,1,352.071676,357.352751,ASSUMPTION_BLOCKED_PENDING_VALIDATION,Sensitivity around public proxy scenario; does not remove exact-SKU/procurement/recipe blocks,"scenario_value = baseline * exact scenario rule; yield -5% uses divisor 0.95, not rounded displayed factor",APPLICABLE_ISSUE82_PROXY_ONLY
VKM-020,PROXY_MINUS_30PCT,1,0.7,1,322.232033,327.065514,ASSUMPTION_BLOCKED_PENDING_VALIDATION,Sensitivity around public proxy scenario; does not remove exact-SKU/procurement/recipe blocks,"scenario_value = baseline * exact scenario rule; yield -5% uses divisor 0.95, not rounded displayed factor",APPLICABLE_ISSUE82_PROXY_ONLY
VKM-020,PROXY_PLUS_30PCT,1,1.3,1,381.911319,387.639989,ASSUMPTION_BLOCKED_PENDING_VALIDATION,Sensitivity around public proxy scenario; does not remove exact-SKU/procurement/recipe blocks,"scenario_value = baseline * exact scenario rule; yield -5% uses divisor 0.95, not rounded displayed factor",APPLICABLE_ISSUE82_PROXY_ONLY
VKM-020,ALL_PRICES_PLUS_10PCT,1.1,1.1,1,387.278844,393.088026,ASSUMPTION_BLOCKED_PENDING_VALIDATION,Sensitivity around public proxy scenario; does not remove exact-SKU/procurement/recipe blocks,"scenario_value = baseline * exact scenario rule; yield -5% uses divisor 0.95, not rounded displayed factor",APPLICABLE_ISSUE82_PROXY_ONLY
VKM-020,PROXY_PLUS_50PCT_YIELD_MINUS_5PCT,1,1.5,1.052632,422.952015,429.296295,ASSUMPTION_BLOCKED_PENDING_VALIDATION,Sensitivity around public proxy scenario; does not remove exact-SKU/procurement/recipe blocks,"scenario_value = baseline * exact scenario rule; yield -5% uses divisor 0.95, not rounded displayed factor",APPLICABLE_ISSUE82_PROXY_ONLY
VKM-021,BASE_PROXY_SCENARIO,1,1,1,226.957326,230.361685,ASSUMPTION_BLOCKED_PENDING_VALIDATION,Sensitivity around public proxy scenario; does not remove exact-SKU/procurement/recipe blocks,"scenario_value = baseline * exact scenario rule; yield -5% uses divisor 0.95, not rounded displayed factor",APPLICABLE_ISSUE82_PROXY_ONLY
VKM-021,PROXY_MINUS_30PCT,1,0.7,1,208.107112,211.228719,ASSUMPTION_BLOCKED_PENDING_VALIDATION,Sensitivity around public proxy scenario; does not remove exact-SKU/procurement/recipe blocks,"scenario_value = baseline * exact scenario rule; yield -5% uses divisor 0.95, not rounded displayed factor",APPLICABLE_ISSUE82_PROXY_ONLY
VKM-021,PROXY_PLUS_30PCT,1,1.3,1,245.807539,249.494652,ASSUMPTION_BLOCKED_PENDING_VALIDATION,Sensitivity around public proxy scenario; does not remove exact-SKU/procurement/recipe blocks,"scenario_value = baseline * exact scenario rule; yield -5% uses divisor 0.95, not rounded displayed factor",APPLICABLE_ISSUE82_PROXY_ONLY
VKM-021,ALL_PRICES_PLUS_10PCT,1.1,1.1,1,249.653058,253.397854,ASSUMPTION_BLOCKED_PENDING_VALIDATION,Sensitivity around public proxy scenario; does not remove exact-SKU/procurement/recipe blocks,"scenario_value = baseline * exact scenario rule; yield -5% uses divisor 0.95, not rounded displayed factor",APPLICABLE_ISSUE82_PROXY_ONLY
VKM-021,PROXY_PLUS_50PCT_YIELD_MINUS_5PCT,1,1.5,1.052632,271.972998,276.052593,ASSUMPTION_BLOCKED_PENDING_VALIDATION,Sensitivity around public proxy scenario; does not remove exact-SKU/procurement/recipe blocks,"scenario_value = baseline * exact scenario rule; yield -5% uses divisor 0.95, not rounded displayed factor",APPLICABLE_ISSUE82_PROXY_ONLY
VKM-022,BASE_PROXY_SCENARIO,1,1,1,321.938912,326.767996,ASSUMPTION_BLOCKED_PENDING_VALIDATION,Sensitivity around public proxy scenario; does not remove exact-SKU/procurement/recipe blocks,"scenario_value = baseline * exact scenario rule; yield -5% uses divisor 0.95, not rounded displayed factor",APPLICABLE_ISSUE82_PROXY_ONLY
VKM-022,PROXY_MINUS_30PCT,1,0.7,1,316.29714,321.041597,ASSUMPTION_BLOCKED_PENDING_VALIDATION,Sensitivity around public proxy scenario; does not remove exact-SKU/procurement/recipe blocks,"scenario_value = baseline * exact scenario rule; yield -5% uses divisor 0.95, not rounded displayed factor",APPLICABLE_ISSUE82_PROXY_ONLY
VKM-022,PROXY_PLUS_30PCT,1,1.3,1,327.580684,332.494394,ASSUMPTION_BLOCKED_PENDING_VALIDATION,Sensitivity around public proxy scenario; does not remove exact-SKU/procurement/recipe blocks,"scenario_value = baseline * exact scenario rule; yield -5% uses divisor 0.95, not rounded displayed factor",APPLICABLE_ISSUE82_PROXY_ONLY
VKM-022,ALL_PRICES_PLUS_10PCT,1.1,1.1,1,354.132803,359.444796,ASSUMPTION_BLOCKED_PENDING_VALIDATION,Sensitivity around public proxy scenario; does not remove exact-SKU/procurement/recipe blocks,"scenario_value = baseline * exact scenario rule; yield -5% uses divisor 0.95, not rounded displayed factor",APPLICABLE_ISSUE82_PROXY_ONLY
VKM-022,PROXY_PLUS_50PCT_YIELD_MINUS_5PCT,1,1.5,1.052632,348.780911,354.012625,ASSUMPTION_BLOCKED_PENDING_VALIDATION,Sensitivity around public proxy scenario; does not remove exact-SKU/procurement/recipe blocks,"scenario_value = baseline * exact scenario rule; yield -5% uses divisor 0.95, not rounded displayed factor",APPLICABLE_ISSUE82_PROXY_ONLY
VKM-023,BASE_PROXY_SCENARIO,1,1,1,19.652742,19.947533,ASSUMPTION_BLOCKED_PENDING_VALIDATION,Sensitivity around public proxy scenario; does not remove exact-SKU/procurement/recipe blocks,"scenario_value = baseline * exact scenario rule; yield -5% uses divisor 0.95, not rounded displayed factor",APPLICABLE_ISSUE82_PROXY_ONLY
VKM-023,PROXY_MINUS_30PCT,1,0.7,1,18.856409,19.139255,ASSUMPTION_BLOCKED_PENDING_VALIDATION,Sensitivity around public proxy scenario; does not remove exact-SKU/procurement/recipe blocks,"scenario_value = baseline * exact scenario rule; yield -5% uses divisor 0.95, not rounded displayed factor",APPLICABLE_ISSUE82_PROXY_ONLY
VKM-023,PROXY_PLUS_30PCT,1,1.3,1,20.449074,20.75581,ASSUMPTION_BLOCKED_PENDING_VALIDATION,Sensitivity around public proxy scenario; does not remove exact-SKU/procurement/recipe blocks,"scenario_value = baseline * exact scenario rule; yield -5% uses divisor 0.95, not rounded displayed factor",APPLICABLE_ISSUE82_PROXY_ONLY
VKM-023,ALL_PRICES_PLUS_10PCT,1.1,1.1,1,21.618016,21.942286,ASSUMPTION_BLOCKED_PENDING_VALIDATION,Sensitivity around public proxy scenario; does not remove exact-SKU/procurement/recipe blocks,"scenario_value = baseline * exact scenario rule; yield -5% uses divisor 0.95, not rounded displayed factor",APPLICABLE_ISSUE82_PROXY_ONLY
VKM-023,PROXY_PLUS_50PCT_YIELD_MINUS_5PCT,1,1.5,1.052632,22.084171,22.415433,ASSUMPTION_BLOCKED_PENDING_VALIDATION,Sensitivity around public proxy scenario; does not remove exact-SKU/procurement/recipe blocks,"scenario_value = baseline * exact scenario rule; yield -5% uses divisor 0.95, not rounded displayed factor",APPLICABLE_ISSUE82_PROXY_ONLY
VKM-024,BASE_PROXY_SCENARIO,1,1,1,24.203589,24.566642,ASSUMPTION_BLOCKED_PENDING_VALIDATION,Sensitivity around public proxy scenario; does not remove exact-SKU/procurement/recipe blocks,"scenario_value = baseline * exact scenario rule; yield -5% uses divisor 0.95, not rounded displayed factor",APPLICABLE_ISSUE82_PROXY_ONLY
VKM-024,PROXY_MINUS_30PCT,1,0.7,1,18.634889,18.914413,ASSUMPTION_BLOCKED_PENDING_VALIDATION,Sensitivity around public proxy scenario; does not remove exact-SKU/procurement/recipe blocks,"scenario_value = baseline * exact scenario rule; yield -5% uses divisor 0.95, not rounded displayed factor",APPLICABLE_ISSUE82_PROXY_ONLY
VKM-024,PROXY_PLUS_30PCT,1,1.3,1,29.772288,30.218872,ASSUMPTION_BLOCKED_PENDING_VALIDATION,Sensitivity around public proxy scenario; does not remove exact-SKU/procurement/recipe blocks,"scenario_value = baseline * exact scenario rule; yield -5% uses divisor 0.95, not rounded displayed factor",APPLICABLE_ISSUE82_PROXY_ONLY
VKM-024,ALL_PRICES_PLUS_10PCT,1.1,1.1,1,26.623947,27.023307,ASSUMPTION_BLOCKED_PENDING_VALIDATION,Sensitivity around public proxy scenario; does not remove exact-SKU/procurement/recipe blocks,"scenario_value = baseline * exact scenario rule; yield -5% uses divisor 0.95, not rounded displayed factor",APPLICABLE_ISSUE82_PROXY_ONLY
VKM-024,PROXY_PLUS_50PCT_YIELD_MINUS_5PCT,1,1.5,1.052632,35.247109,35.775816,ASSUMPTION_BLOCKED_PENDING_VALIDATION,Sensitivity around public proxy scenario; does not remove exact-SKU/procurement/recipe blocks,"scenario_value = baseline * exact scenario rule; yield -5% uses divisor 0.95, not rounded displayed factor",APPLICABLE_ISSUE82_PROXY_ONLY
VKM-025,BASE_PROXY_SCENARIO,1,1,1,48.158285,48.880659,ASSUMPTION_BLOCKED_PENDING_VALIDATION,Sensitivity around public proxy scenario; does not remove exact-SKU/procurement/recipe blocks,"scenario_value = baseline * exact scenario rule; yield -5% uses divisor 0.95, not rounded displayed factor",APPLICABLE_ISSUE82_PROXY_ONLY
VKM-025,PROXY_MINUS_30PCT,1,0.7,1,43.259683,43.908578,ASSUMPTION_BLOCKED_PENDING_VALIDATION,Sensitivity around public proxy scenario; does not remove exact-SKU/procurement/recipe blocks,"scenario_value = baseline * exact scenario rule; yield -5% uses divisor 0.95, not rounded displayed factor",APPLICABLE_ISSUE82_PROXY_ONLY
VKM-025,PROXY_PLUS_30PCT,1,1.3,1,53.056887,53.85274,ASSUMPTION_BLOCKED_PENDING_VALIDATION,Sensitivity around public proxy scenario; does not remove exact-SKU/procurement/recipe blocks,"scenario_value = baseline * exact scenario rule; yield -5% uses divisor 0.95, not rounded displayed factor",APPLICABLE_ISSUE82_PROXY_ONLY
VKM-025,ALL_PRICES_PLUS_10PCT,1.1,1.1,1,52.974113,53.768725,ASSUMPTION_BLOCKED_PENDING_VALIDATION,Sensitivity around public proxy scenario; does not remove exact-SKU/procurement/recipe blocks,"scenario_value = baseline * exact scenario rule; yield -5% uses divisor 0.95, not rounded displayed factor",APPLICABLE_ISSUE82_PROXY_ONLY
VKM-025,PROXY_PLUS_50PCT_YIELD_MINUS_5PCT,1,1.5,1.052632,59.286969,60.176274,ASSUMPTION_BLOCKED_PENDING_VALIDATION,Sensitivity around public proxy scenario; does not remove exact-SKU/procurement/recipe blocks,"scenario_value = baseline * exact scenario rule; yield -5% uses divisor 0.95, not rounded displayed factor",APPLICABLE_ISSUE82_PROXY_ONLY
VKM-029,BASE_PROXY_SCENARIO,1,1,1,896.232998,909.676493,ASSUMPTION_BLOCKED_PENDING_VALIDATION,Sensitivity around public proxy scenario; does not remove exact-SKU/procurement/recipe blocks,"scenario_value = baseline * exact scenario rule; yield -5% uses divisor 0.95, not rounded displayed factor",APPLICABLE_ISSUE82_PROXY_ONLY
VKM-029,PROXY_MINUS_30PCT,1,0.7,1,885.921915,899.210744,ASSUMPTION_BLOCKED_PENDING_VALIDATION,Sensitivity around public proxy scenario; does not remove exact-SKU/procurement/recipe blocks,"scenario_value = baseline * exact scenario rule; yield -5% uses divisor 0.95, not rounded displayed factor",APPLICABLE_ISSUE82_PROXY_ONLY
VKM-029,PROXY_PLUS_30PCT,1,1.3,1,906.544081,920.142242,ASSUMPTION_BLOCKED_PENDING_VALIDATION,Sensitivity around public proxy scenario; does not remove exact-SKU/procurement/recipe blocks,"scenario_value = baseline * exact scenario rule; yield -5% uses divisor 0.95, not rounded displayed factor",APPLICABLE_ISSUE82_PROXY_ONLY
VKM-029,ALL_PRICES_PLUS_10PCT,1.1,1.1,1,985.856298,1000.644142,ASSUMPTION_BLOCKED_PENDING_VALIDATION,Sensitivity around public proxy scenario; does not remove exact-SKU/procurement/recipe blocks,"scenario_value = baseline * exact scenario rule; yield -5% uses divisor 0.95, not rounded displayed factor",APPLICABLE_ISSUE82_PROXY_ONLY
VKM-029,PROXY_PLUS_50PCT_YIELD_MINUS_5PCT,1,1.5,1.052632,961.492775,975.915166,ASSUMPTION_BLOCKED_PENDING_VALIDATION,Sensitivity around public proxy scenario; does not remove exact-SKU/procurement/recipe blocks,"scenario_value = baseline * exact scenario rule; yield -5% uses divisor 0.95, not rounded displayed factor",APPLICABLE_ISSUE82_PROXY_ONLY
VKM-030,BASE_PROXY_SCENARIO,1,1,1,560.727853,569.138771,ASSUMPTION_BLOCKED_PENDING_VALIDATION,Sensitivity around public proxy scenario; does not remove exact-SKU/procurement/recipe blocks,"scenario_value = baseline * exact scenario rule; yield -5% uses divisor 0.95, not rounded displayed factor",APPLICABLE_ISSUE82_PROXY_ONLY
VKM-030,PROXY_MINUS_30PCT,1,0.7,1,558.039022,566.409608,ASSUMPTION_BLOCKED_PENDING_VALIDATION,Sensitivity around public proxy scenario; does not remove exact-SKU/procurement/recipe blocks,"scenario_value = baseline * exact scenario rule; yield -5% uses divisor 0.95, not rounded displayed factor",APPLICABLE_ISSUE82_PROXY_ONLY
VKM-030,PROXY_PLUS_30PCT,1,1.3,1,563.416684,571.867935,ASSUMPTION_BLOCKED_PENDING_VALIDATION,Sensitivity around public proxy scenario; does not remove exact-SKU/procurement/recipe blocks,"scenario_value = baseline * exact scenario rule; yield -5% uses divisor 0.95, not rounded displayed factor",APPLICABLE_ISSUE82_PROXY_ONLY
VKM-030,ALL_PRICES_PLUS_10PCT,1.1,1.1,1,616.800639,626.052648,ASSUMPTION_BLOCKED_PENDING_VALIDATION,Sensitivity around public proxy scenario; does not remove exact-SKU/procurement/recipe blocks,"scenario_value = baseline * exact scenario rule; yield -5% uses divisor 0.95, not rounded displayed factor",APPLICABLE_ISSUE82_PROXY_ONLY
VKM-030,PROXY_PLUS_50PCT_YIELD_MINUS_5PCT,1,1.5,1.052632,594.957093,603.881449,ASSUMPTION_BLOCKED_PENDING_VALIDATION,Sensitivity around public proxy scenario; does not remove exact-SKU/procurement/recipe blocks,"scenario_value = baseline * exact scenario rule; yield -5% uses divisor 0.95, not rounded displayed factor",APPLICABLE_ISSUE82_PROXY_ONLY
VKM-031,BASE_PROXY_SCENARIO,1,1,1,249.580713,253.324424,ASSUMPTION_BLOCKED_PENDING_VALIDATION,Sensitivity around public proxy scenario; does not remove exact-SKU/procurement/recipe blocks,"scenario_value = baseline * exact scenario rule; yield -5% uses divisor 0.95, not rounded displayed factor",APPLICABLE_ISSUE82_PROXY_ONLY
VKM-031,PROXY_MINUS_30PCT,1,0.7,1,247.218755,250.927036,ASSUMPTION_BLOCKED_PENDING_VALIDATION,Sensitivity around public proxy scenario; does not remove exact-SKU/procurement/recipe blocks,"scenario_value = baseline * exact scenario rule; yield -5% uses divisor 0.95, not rounded displayed factor",APPLICABLE_ISSUE82_PROXY_ONLY
VKM-031,PROXY_PLUS_30PCT,1,1.3,1,251.942671,255.721811,ASSUMPTION_BLOCKED_PENDING_VALIDATION,Sensitivity around public proxy scenario; does not remove exact-SKU/procurement/recipe blocks,"scenario_value = baseline * exact scenario rule; yield -5% uses divisor 0.95, not rounded displayed factor",APPLICABLE_ISSUE82_PROXY_ONLY
VKM-031,ALL_PRICES_PLUS_10PCT,1.1,1.1,1,274.538784,278.656866,ASSUMPTION_BLOCKED_PENDING_VALIDATION,Sensitivity around public proxy scenario; does not remove exact-SKU/procurement/recipe blocks,"scenario_value = baseline * exact scenario rule; yield -5% uses divisor 0.95, not rounded displayed factor",APPLICABLE_ISSUE82_PROXY_ONLY
VKM-031,PROXY_PLUS_50PCT_YIELD_MINUS_5PCT,1,1.5,1.052632,266.860326,270.863231,ASSUMPTION_BLOCKED_PENDING_VALIDATION,Sensitivity around public proxy scenario; does not remove exact-SKU/procurement/recipe blocks,"scenario_value = baseline * exact scenario rule; yield -5% uses divisor 0.95, not rounded displayed factor",APPLICABLE_ISSUE82_PROXY_ONLY
VKM-026,,,,,,,,,No Issue82 proxy sensitivity; use S04 breakfast model scenarios,NOT_APPLICABLE_SEPARATE_S04_MODEL
VKM-027,,,,,,,,,No Issue82 proxy sensitivity; use S04 breakfast model scenarios,NOT_APPLICABLE_SEPARATE_S04_MODEL
VKM-028,,,,,,,,,No Issue82 proxy sensitivity; use S04 breakfast model scenarios,NOT_APPLICABLE_SEPARATE_S04_MODEL
